-- phpMyAdmin SQL Dump
-- version 5.2.0
-- https://www.phpmyadmin.net/
--
-- Host: 127.0.0.1
-- Generation Time: Dec 03, 2022 at 03:48 PM
-- Server version: 10.4.24-MariaDB
-- PHP Version: 7.4.29

SET SQL_MODE = "NO_AUTO_VALUE_ON_ZERO";
START TRANSACTION;
SET time_zone = "+00:00";


/*!40101 SET @OLD_CHARACTER_SET_CLIENT=@@CHARACTER_SET_CLIENT */;
/*!40101 SET @OLD_CHARACTER_SET_RESULTS=@@CHARACTER_SET_RESULTS */;
/*!40101 SET @OLD_COLLATION_CONNECTION=@@COLLATION_CONNECTION */;
/*!40101 SET NAMES utf8mb4 */;

--
-- Database: `userform`
--

-- --------------------------------------------------------

--
-- Table structure for table `commentbar`
--

CREATE TABLE `commentbar` (
  `id` bigint(255) NOT NULL,
  `text` text NOT NULL,
  `date_time` varchar(222) NOT NULL,
  `recipy_id` int(222) NOT NULL
) ENGINE=InnoDB DEFAULT CHARSET=utf8mb4;

--
-- Dumping data for table `commentbar`
--

INSERT INTO `commentbar` (`id`, `text`, `date_time`, `recipy_id`) VALUES
(25, 'jj', '', 0),
(26, 'jj', '', 0),
(27, 'Hi', '', 0),
(28, '', '', 0),
(29, 'Good', '', 67),
(30, 'Bad', '', 67),
(31, 'Very Sweet', '', 42),
(32, 'Nice', '', 43),
(33, 'Very Crispy', '', 34),
(34, 'hi', '', 38),
(35, 'Good', '', 16),
(36, 'Need very sweet pumkin', '', 59),
(37, 'jj', '', 18),
(38, 'Follow exactly and it taste so nice!\r\n', '', 29),
(39, 'The bread is super soft!', '', 21);

-- --------------------------------------------------------

--
-- Table structure for table `full_recipy`
--

CREATE TABLE `full_recipy` (
  `id` int(222) NOT NULL,
  `title` mediumtext NOT NULL,
  `title_text` mediumtext NOT NULL,
  `image` mediumtext NOT NULL,
  `ing_text` mediumtext NOT NULL,
  `disc` mediumtext NOT NULL,
  `rid` int(222) NOT NULL,
  `comments` varchar(222) DEFAULT NULL
) ENGINE=InnoDB DEFAULT CHARSET=utf8mb4;

--
-- Dumping data for table `full_recipy`
--

INSERT INTO `full_recipy` (`id`, `title`, `title_text`, `image`, `ing_text`, `disc`, `rid`, `comments`) VALUES
(3, 'Beef Salad', 'Step 1, Step 2', '635f7da525bb1.png', 'no ingredients', 'kk', 6, NULL),
(4, 'chicken', 'PREPARATION<ul><li>STEP 1<span>Melt 1 tbsp coconut oil in a&nbspsaucepan&nbsp;over a medium heat and soften 1 chopped onion for 5 mins. Add 2 grated garlic cloves and a grated thumb-sized piece of ginger, and cook for 1 min until fragrant.</span></li><li>STEP 2Stir in 3 tbsp Thai red curry paste, 1 tbsp smooth peanut butter and 500g sweet potato, peeled and cut into chunks, then add 400ml coconut milk and 200ml water.</li><li>STEP 3Bring to the boil, turn down the heat and simmer, uncovered, for 25-30 mins or until the sweet potato is soft.</li><li>STEP 4Stir through 200g spinach and the juice of 1 lime, and season well. Serve with cooked rice, and if you want some crunch, sprinkle over a few dry roasted peanuts.</li></ul> ', '635f801255bff.png', '<h2>INGREDIENTS</h2><ul><li>1 tbsp&nbsp;coconut oil</li><li>1&nbsp;onion,&nbsp;chopped</li><li>2&nbsp;garlic cloves,&nbsp;grated</li><li>thumb-sized piece&nbsp;ginger,&nbsp;grated</li><li>3 tbsp&nbsp;Thai red curry paste&nbsp;(check the label to make sure it’s vegetarian/ vegan)</li><li>1 tbsp&nbsp;smooth peanut butter</li><li>500g&nbsp;sweet potato,&nbsp;peeled and cut into chunks</li><li>400ml can&nbsp;coconut milk</li><li>200g bag&nbsp;spinach</li><li>1&nbsp;lime,&nbsp;juiced</li><li>cooked rice,&nbsp;to serve (optional)</li><li>dry roasted peanuts,&nbsp;to serve (optional)</li></ul>', 'The hallmarks of this tasty Sri Lankan chicken curry include creamy coconut milk and homemade curry powder, which is made by toasting and grinding whole spices. Don’t let the long ingredient list deter you; once you have everything together, this dish is very easy to make. Tiny bird chiles are small but potent. In Sri Lanka, the curries are spicy, but you can use as few or as many chiles as you’d like. Prepare it in advance and you’ll find that it’s even more delicious the next day. Serve with some long-grain rice and a few different vegetable curries.', 7, NULL),
(5, 'NoNO', 'kkss', '635f8120892e8.png', 'kjdd', 'ghed\'bjsd', 11, NULL),
(6, 'soup', 'PREPARATION<ul><li>STEP 1Heat the butter or oil in a large pan, then add the garlic and soften for a few minutes over a low heat. Add the sundried or SunBlush tomatoes, canned tomatoes, stock, sugar and seasoning, then bring to a simmer. Let the soup bubble for 10 mins until the tomatoes have broken down a little.</li><li>STEP 2Whizz with a stick blender, adding half the pot of soured cream as you go. Taste and adjust the seasoning – add more sugar if you need to. Serve in bowls with 1 tbsp or so of the pesto swirled on top, a little more soured cream and scatter with basil leaves.</li></ul> ', '635f81cf7e39d.png', '<h2>Ingredients</h2><ul><li>1 tbsp&nbsp;butter&nbsp;or olive oil</li><li>2&nbsp;garlic cloves,&nbsp;crushed</li><li>5&nbsp;soft sundried or SunBlush tomatoes&nbsp;in oil, roughly chopped</li><li>3 x 400g cans&nbsp;plum tomatoes</li><li>500ml&nbsp;turkey or vegetable stock</li><li>1 tsp&nbsp;sugar,&nbsp;any type, or more to taste</li><li>142ml pot&nbsp;soured cream</li><li>125g pot&nbsp;fresh basil pesto</li><li>basil leaves,&nbsp;to serve</li></ul>', 'Combine fruity sundried tomatoes with tinned tomatoes to make this rich tomato soup with a homemade basil pesto – perfect for the depths of winter.', 9, NULL),
(15, 'Next Level Fried Chicken', '<b>STEP 1</b><br>\r\nTo make the spice mix, combine all the ingredients. Whisk the milk with the vinegar, egg, ½ tsp salt and 1 tbsp spice mix in a bowl or deep plastic container to make the buttermilk marinade. Open the chicken thighs and put between two pieces of baking parchment, then flatten using a rolling pin. Transfer to the marinade, then cover and chill for 4 hrs, or overnight.\r\n<br><br>\r\n<b>STEP 2</b><br>\r\nMake the coating by combining the flours and turmeric with most of the remaining spice mix (reserving 1 tsp) and a generous pinch of salt. Drain the chicken thighs, reserving the marinade. One by one, dredge each thigh in the flour, then dip in the reserved marinade, then dredge again in the flour, pressing on as much as you can to coat. Transfer the coated thighs to a large plate.\r\n<br><br>\r\n<b>STEP 3</b><br>\r\nHeat a 10cm depth of oil in a shallow saucepan or deep-fat fryer until it reaches 175C. Lower two or three of the thighs in at a time and fry undisturbed for 3 mins, making sure the temperature doesn’t drop below 160C (it should stay at about 170C). Flip the thighs, then fry for another 2-3 mins until deeply golden and crisp on both sides. Lift the chicken out and transfer to a tray lined with kitchen paper to drain, then put on a rack and keep warm in a low oven while you fry the remaining thighs.\r\n<br><br>\r\n<b>STEP 4</b><br>\r\nWhen all the chicken has been fried, combine the reserved spice mix with 1 tbsp flaky sea salt and sprinkle over the chicken to serve.', '6365dbe69654f.png', '8 skinless boneless chicken thighs\r\nsunflower oil\r\n<br><br>\r\nFor the spice mix\r\n<span><li>2 tbsp paprika</li></span>\r\n<span><li>2 tsp garlic granules</li></span>\r\n<span><li>1 tsp chilli powder</li></span>\r\n<span><li>1 tsp black pepper</li></span>\r\n<span><li>½ tsp dried oregano</li></span>\r\n<span><li>1 chicken stock cube</li></span>\r\n<br>\r\nFor the buttermilk marinade\r\n<span><li>500ml whole milk</li></span>\r\n<span><li>2 tbsp cider or white wine vinegar</li></span>\r\n<span><li>1 egg</li></span>\r\n<br>\r\nFor the coating\r\n<span><li>100g self-raising flour</li></span>\r\n<span><li>100g cornflour</li></span>\r\n<span><li>¼ tsp turmeric</li></span>', 'Choose boneless thighs to make the ultimate fried chicken. For the coating, we\'ve come up with a method that results in the crispiest finish ever', 29, NULL),
(16, 'Gluten-free Pizza', '<br>\r\n<b>STEP 1</b><br>\r\nHeat the oven to 220C/200 fan/gas 7 and put two baking sheets inside.\r\n<br><br>\r\n<b>STEP 2</b><br>\r\nMake the sauce: heat the oil in a small saucepan and cook the onion with a generous pinch of salt for 10 mins over a low heat until softened. Add the chopped tomatoes, purée and sugar and bring to a gentle simmer. Cook, uncovered, for 25 - 30 mins or until reduced and thick, stirring regularly. Blitz the sauce with a hand blender until smooth. Season to taste and stir through the basil. Allow to cool a little.\r\n\r\n<br><br>\r\n<b>STEP 3</b><br>\r\nMake the dough: mix the flour, sugar, baking powder, salt and xanthan gum in a large mixing bowl. Make a well in the centre and pour in 250ml warm water and the olive oil. Combine quickly with your hands, to create a thick, wet, paste-like texture, adding an extra 20ml warm water if the dough feels a little dry. Store in an airtight container or covered bowl in the fridge for up to 24 hours before using. Lightly flour two more baking sheets. Split the dough into two and flatten with your fingers into 20 - 25cm rounds on the sheets.\r\n\r\n<br><br>\r\n<b>STEP 4</b><br>\r\nFinish the bases with a thin layer of the sauce and torn up mozzarella. Place the baking sheets on top of the hot baking sheets in the oven and cook for 8 -10 mins or until crisp around the edges.', '6365eab4d946b.png', '400g gluten-free bread flour\r\n<span><li>2 heaped tsp golden caster sugar</li></span>\r\n<span><li>2 tsp gluten-free baking powder</li></span>\r\n<span><li>1 tsp fine salt</li></span>\r\n<span><li>1 heaped tsp xanthan gum</li></span>\r\n<span><li>5 tbsp olive oil</li></span>\r\n<br>\r\nFor the sauce & topping\r\n<span><li>2 tbsp olive oil</li></span>\r\n<span><li>1 small onion, finely chopped</li></span>\r\n<span><li>1 x 400g can chopped tomatoes</li></span>\r\n<span><li>2 tbsp tomato purée</li></span>\r\n<span><li>1 tsp caster sugar</li></span>\r\n<span><li>½ small bunch basil, leaves shredded</li></span>\r\n<span><li>2 x 125g balls buffalo mozzarella</li></span>', 'Make our gluten-free version of a classic pizza. The base is easy, spread over rich homemade tomato sauce, then finish with buffalo mozzarella and fresh basil.', 30, NULL),
(17, 'Chicken Satay Salad', '<br>\r\n<b>STEP 1</b><br>\r\nPour the tamari into a large dish and stir in the curry powder, cumin, garlic and honey. Mix well. Slice the chicken breasts in half horizontally to make 4 fillets in total, then add to the marinade and mix well to coat. Set aside in the fridge for at least 1 hr, or overnight, to allow the flavours to penetrate the chicken.\r\n<br><br>\r\n<b>STEP 2</b><br>\r\nMeanwhile, mix the peanut butter with the chilli sauce, lime juice, and 1 tbsp water to make a spoonable sauce. When ready to cook the chicken, wipe a large non-stick frying pan with a little oil. Add the chicken and cook, covered with a lid, for 5-6 mins on a medium heat, turning the fillets over for the last min, until cooked but still moist. Set aside, covered, to rest for a few mins.\r\n\r\n<br><br>\r\n<b>STEP 3</b><br>\r\nWhile the chicken rests, toss the lettuce wedges with the cucumber, shallot, coriander and pomegranate, and pile onto plates. Spoon over a little sauce. Slice the chicken, pile on top of the salad and spoon over the remaining sauce. Eat while the chicken is still warm.', '636649c36bf42.png', '1 tbsp tamari\r\n<span><li>1 tsp medium curry powder</li></span>\r\n<span><li>¼ tsp ground cumin</li></span>\r\n<span><li>1 garlic clove, finely grated </li></span>\r\n<span><li>1 tsp clear honey</li></span>\r\n<span><li>2 skinless chicken breast </li></span>\r\n<span><li>fillets (or use turkey breast)\r\n<span><li>1 tbsp crunchy peanut butter (choose a sugar-free version with no palm oil, if possible)</li></span>\r\n<span><li>1 tbsp sweet chilli sauce</li></span>\r\n<span><li>1 tbsp lime juice</li></span>\r\n<span><li>sunflower oil, for wiping the pan</li></span>\r\n<span><li>2 Little Gem lettuce hearts, cut into wedges</li></span>\r\n<span><li>¼ cucumber, halved and sliced </li></span>\r\n<span><li>1 banana shallot, halved and thinly sliced</li></span>\r\n<span><li>coriander, chopped</li></span>\r\n<span><li>seeds from ½ pomegranate</li></span>', 'Try this no-fuss, midweek meal that is high in protein and big on flavour. Marinate chicken breasts, then drizzle with a punchy peanut satay sauce.', 26, NULL),
(18, 'Cranberry & lentil Bake', '<br>\r\n<b>STEP 1</b><br>\r\nHeat oven to 200C/180C fan/gas 6. Oil and line the base of a 200ml ovenproof ramekin with a circle of baking parchment. Put the cranberries in a small pan with the wine and cook for a couple of mins over a medium heat until the cranberries are plump and the wine syrupy. Pour into the base of the ramekin and set aside.\r\n<br><br>\r\n<b>STEP 2</b><br>\r\nPut the lentils in a bowl and roughly mash about half of them with a fork. Heat the oil in a small pan and cook the onion for 6-8 mins over a medium heat until softened. Stir in the garlic, herbs, paprika and cloves and cook for another minute. Turn off the heat and add the lentils, tomato purée, soy and cornflour, stir everything together well, then spoon into the ramekin, pressing down gently with the back of a spoon. Can be chilled for two days, or freeze for up to two months, with the ramekin covered. Defrost in the fridge before cooking.\r\n\r\n<br><br>\r\n<b>STEP 3</b><br>\r\nPut the ramekin on a baking tray and bake for 15 mins. Leave to cool for 1 min, then turn out onto a plate.', '6366608ff2fa2.png', '25g dried cranberries\r\n<span><li>1 tbsp red wine</li></span>\r\n<span><li>125g cooked puy lentils</li></span>\r\n<span><li>2 tsp olive oil</li></span>\r\n<span><li>½ onion, finely chopped</li></span>\r\n<span><li>½ garlic clove, crushed or finely grated</li></span>\r\n<span><li>1 tbsp chopped sage</li></span>\r\n<span><li>½ tbsp chopped parsley</li></span>\r\n<span><li>¼ tsp smoked paprika</li></span>\r\n<span><li>1 pinch ground cloves</li></span>\r\n<span><li>1 tsp tomato purée</li></span>\r\n<span><li>1 tsp soy sauce</li></span>\r\n<span><li>1 tsp cornflour</li></span>', 'Double or triple the quantities of this festive cranberry and lentil bake to serve more people, if you like. You can make it up to two days before serving.', 31, NULL),
(19, 'Indian Winter Soup', '<br>\r\n<b>STEP 1</b><br>\r\nRinse the pearl barley and cook following pack instructions. When it is tender, drain and set aside. Meanwhile, heat the oil in a deep, heavy-bottomed pan. Fry the mustard seeds, cumin seeds, chillies, bay leaf, cloves, cinnamon and turmeric until fragrant and the seeds start to crackle. Tip in the onion and garlic, then cook for 5-8 mins until soft. Stir in the parsnip, butternut and sweet potato and mix thoroughly, making sure the vegetables are fully coated with the oil and spices. Sprinkle in the paprika, ground coriander and seasoning, and stir again.\r\n\r\n<br><br>\r\n<b>STEP 2</b><br>\r\nAdd the lentils, pearl barley, tomatoes and 1.7 litres water. Bring to the boil then turn down and simmer until the vegetables are tender. When the lentils are almost cooked, stir in the chopped coriander, ginger and lemon juice.', '63667b99487e0.png', '100g pearl barley\r\n<span><li>2 tbsp vegetable oil</li></span>\r\n<span><li>½ tsp brown mustard seeds</li></span>\r\n<span><li>1 tsp cumin seeds</li></span>\r\n<span><li>2 green chillies, deseeded and finely chopped</li></span>\r\n<span><li>1 bay leaf</li></span>\r\n<span><li>2 cloves</li></span>\r\n<span><li>1 small cinnamon stick</li></span>\r\n<span><li>½ tsp ground turmeric</li></span>\r\n<span><li>1 large onion, chopped</li></span>\r\n<span><li>2 garlic cloves, finely chopped</li></span>\r\n<span><li>1 parsnip, cut into chunks</li></span>\r\n<span><li>200g butternut squash, cut into chunks</li></span>\r\n<span><li>200g sweet potato, cut into chunks</li></span>\r\n<span><li>1 tsp paprika</li></span>\r\n<span><li>1 tsp ground coriander</li></span>\r\n<span><li>225g red lentils</li></span>\r\n<span><li>2 tomatoes, chopped</li></span>\r\n<span><li>small bunch coriander, chopped</li></span>\r\n<span><li>1 tsp grated ginger</li></span>\r\n<span><li>1 tsp lemon juice</li></span>', 'This warming winter soup is high in fibre, low in fat and can be frozen for ultimate convenience.', 32, NULL),
(20, 'Paneer-stuffed Pancakes', '<br>\r\n<b>STEP 1</b><br>\r\nHeat oven to 110C/90C fan/gas 1/4. To make the pancake batter, gradually mix the egg and milk into the flour either in a food processor or in a bowl by hand with a whisk. Heat a little oil in a non-stick crêpe or frying pan over a medium heat. Pour in about a quarter of the batter and swirl it around to coat the pan. Cook for about 30 secs on each side, then lift onto a baking tray and put in the oven to keep warm. Repeat with the rest of the batter, adding a little more oil to the pan each time – layer baking parchment between the finished pancakes so they don’t stick together.\r\n\r\n<br><br>\r\n<b>STEP 2</b><br>\r\nCook the frozen spinach in the microwave for 4 mins or following pack instructions. Meanwhile, heat 1 tsp oil in a non-stick frying pan on a medium heat. Add the paneer and fry for 20 secs on each side until crisp and golden. Stir in the curry paste, then add the chickpeas, passata and spinach, and heat through. If the mixture is too dry, add a splash of water.\r\n\r\n<br><br>\r\n<b>STEP 3</b><br>\r\nMix the coconut yogurt with the mango chutney. Divide the hot filling between the pancakes, spoon on some yogurt, then roll up to serve.', '63667e1f128da.png', '1 large egg, lightly beaten\r\n<span><li>100ml semi-skimmed milk</li></span>\r\n<span><li>50g plain flour</li></span>\r\n<span><li>1 tsp sunflower oil, plus extra for frying the pancakes</li></span>\r\n<span><li>100g frozen spinach</li></span>\r\n<span><li>½ x 226g pack paneer, cut into medium cubes</li></span>\r\n<span><li>1 tbsp hot curry paste</li></span>\r\n<span><li>400g can chickpeas, drained and rinsed</li></span>\r\n<span><li>150g passata</li></span>\r\n<span><li>75ml coconut yogurt</li></span>\r\n<span><li>1 tbsp mango chutney</li></span>', 'These cheap and cheerful paneer pancakes take just 20 minutes to plate up and make an iron-rich veggie meal for two. Spoon on mango chutney and enjoy.', 33, NULL),
(21, 'Fairy Kiss Cookies', '<br>\r\n<b>STEP 1</b><br>\r\nTo make the base mixture, tip the flour and icing sugar into a bowl with a pinch of salt and stir together. Add the egg yolks and butter to the bowl and mix everything together slowly to make a dough. Knead briefly until smooth on a flour-dusted worksurface. Form the dough into a roll about 2½-3cm across. Wrap in foil and chill for 1 hour.\r\n\r\n<br><br>\r\n<b>STEP 2</b><br>\r\nHeat the oven to 160C/fan 140C/gas 3. Cover 2-3 baking sheets with baking parchment. Cut the dough roll into 45 thin slices and put the slices on the sheets. Put one toffee or caramel (upside down if using cups) on each.\r\n\r\n<br><br>\r\n<b>STEP 3</b><br>\r\nFor the meringue, put the 3 egg whites in a bowl and begin to beat to soft peaks. Beat in the sugar and a pinch of salt in batches and beat for 4-5 minutes until you have stiff glossy meringue peaks. Spoon into a pastry bag with plain nozzle and pipe the meringue in a spiral, starting at the base, all the way up the toffee centre until it is completely covered. Smooth over any gaps. Repeat with the remaining cookies. Bake for 18 minutes. Cool completely.', '636684548419d.png', '160g plain flour\r\n<span><li>60g icing sugar</li></span>\r\n<span><li>2 eggs, separated</li></span>\r\n<span><li>100g butter, softened</li></span>\r\n<span><li>45 toffee caramel hazelnut cups, or similar, or squares of soft caramel</li></span>\r\n<br>\r\nFor the meringue\r\n<span><li>140g icing sugar</li></span>\r\n<span><li>1 egg white</li></span>', 'A mouthwatering mixture of toffee and hazelnut caramel on a shortbread biscuit, hidden under a crisp meringue dome. A perfect biscuit for the Christmas season.', 34, NULL),
(22, 'Easy Bread Rolls', '<br>\r\n<b>STEP 1</b><br>\r\nTip the flour, yeast, sugar, salt and oil into a bowl. Pour over 325ml warm water, then mix (with a spatula or your hand), until it comes together as a shaggy dough. Make sure all the flour has been incorporated. Cover and leave for 10 mins.\r\n\r\n<br><br>\r\n<b>STEP 2</b><br>\r\n\r\nLightly oil your work surface and tip the dough onto it. Knead the dough for at least 10 mins until it becomes tighter and springy – if you have a stand mixer you can do this with a dough hook for 5 mins. Pull the dough into a ball and put in a clean, oiled bowl. Leave for 1 hr, or until doubled in size.\r\n\r\n<br><br>\r\n<b>STEP 3</b><br>\r\nTip the dough onto a lightly floured surface and roll into a long sausage shape. Halve the dough, then divide each half into four pieces, so you have eight equal-sized portions. Roll each into a tight ball and put on a dusted baking tray, leaving some room between each ball for rising. Cover with a damp tea towel and leave in a warm place to prove for 40 mins-1 hr or until almost doubled in size.\r\n\r\n<br><br>\r\n<b>STEP 4</b><br>\r\nHeat the oven to 230C/210C fan/gas 8. When the dough is ready, dust each ball with a bit more flour. (If you like, you can glaze the rolls with milk or beaten egg, and top with seeds.) Bake for 25-30mins, until light brown and hollow sounding when tapped on the base. Leave to cool on a wire rack.', '636687ec38a23.png', '500g strong white bread flour, plus extra for dusting\r\n<span><li>7g sachet fast action yeast</li></span>\r\n<span><li>1 tsp white caster sugar</li></span>\r\n<span><li>2 tsp fine salt</li></span>\r\n<span><li>1 tsp sunflower oil, plus extra for the work surface and bowl</li></span>', 'Bake these simple white bread rolls for sandwiches, burger buns or to dunk in soup. Using only a handful of ingredients, bread-making has never been so easy.', 35, NULL),
(23, 'Lobster Thermidor', '<br>\r\n<b>STEP 1</b><br>\r\nSnap the claws and smaller legs away from each lobster. Cut the main section in half lengthways using a large chef’s knife, and scoop the contents of the head cavities into a bowl, then remove the dark vein from the tail meat and discard. Remove the tail meat, chop into large chunks and put in another bowl. Lay the empty shells cut-side up on a baking tray and set aside.\r\n\r\n<br><br>\r\n<b>STEP 2</b><br>\r\nCrack the claws and knuckles, then pick out all the meat using a skewer or lobster pick. Roughly chop and add to the bowl with the tail meat. Put any shards of shell into the bowl with the head meat. Use a rolling pin to roll along the length of the small, spindly legs and push out the meat, then tip into the bowl with the claw and tail meat. Again, put any broken shells into the bowl with the head meat. The lobster can an be prepped up to a day before. Cover and chill the meat and broken shells until needed.\r\n\r\n<br><br>\r\n<b>STEP 3</b><br>\r\nTo make the sauce, heat the butter in a large saucepan over a medium heat and cook the shallots for 5-6 mins until soft and golden. Add the broken shells and head meat, then turn up the heat and cook for 2 mins more. Splash in the wine or vermouth and bubble for 2 mins to reduce. Pour over the stock and cream, bring to the boil, then continue to cook for 10-12 mins until the mixture has reduced and thickened. Turn the heat off and leave to cool slightly, then pour into another saucepan through a fine mesh sieve, pressing the shells and meat against the mesh with the back of a spoon to extract all the sauce. Stir in the mustard and lemon juice, then taste for seasoning. The sauce can be made the day before, covered and kept chilled.\r\n\r\n<br><br>\r\n<b>STEP 4</b><br>\r\nHeat the grill to high. Spoon the claw and tail meat into the empty reserved shells. Reheat the sauce over a low heat until warmed through, if needed, then stir through the herbs. Spoon the sauce over the lobster meat in the shells, then sprinkle with the parmesan and put under the grill for 4-5 mins until the sauce is bubbling and the cheese lightly golden. Serve with chips or boiled small potatoes and a green salad.', '63668dbe81465.png', '2 cooked lobsters (about 500g each), defrosted if frozen, reserve the shell and scraps for the sauce\r\n<span><li>chips or boiled baby potatoes and a green salad, to serve</li></span>\r\n<br>\r\nFor the sauce\r\n<span><li>25g butter</li></span>\r\n<span><li>2 banana shallots or 3 small shallots, finely chopped</li></span>\r\n<span><li>100ml white wine or vermouth</li></span>\r\n<span><li>500ml fish stock</li></span>\r\n<span><li>100ml double cream</li></span>\r\n<span><li>1 tsp English mustard</li></span>\r\n<span><li>½ lemon, juiced</li></span>\r\n<span><li>handful of parsley leaves chopped (or use a mix of parsley, chervil, chives and tarragon)</li></span>\r\n<span><li>30g finely grated parmesan</li></span>', 'Enjoy lobster thermidor for a celebratory starter or luxurious main course. We’ve given the dish a makeover while retaining its original charm.', 36, NULL),
(24, 'Overnight Oats', '<br>\r\n<b>STEP 1</b><br>\r\nThe night before serving, stir the cinnamon and 100ml water (or milk) into your oats with a pinch of salt.\r\n<br><br>\r\n<b>STEP 2</b><br>\r\nThe next day, loosen with a little more water (or milk) if needed. Top with the yogurt, berries, a drizzle of honey and the nut butter.', '6366907f287ac.png', '¼ tsp ground cinnamon\r\n<span><li>50g rolled porridge oats</li></span>\r\n<span><li>2 tbsp natural yogurt</li></span>\r\n<span><li>50g mixed berries</li></span>\r\n<span><li>drizzle of honey</li></span>\r\n<span><li>½ tbsp nut butter (we used almond)</li></span>', 'Adapt this recipe for easy overnight oats to suit your tastes. You can add dried fruit, seeds and nuts, grated apple or pear, or chopped tropical fruits for the perfect healthy breakfast.', 37, NULL),
(25, 'Loaded Fries', '<br>\r\n<b>STEP 1</b><br>\r\nCombine the sliced onion, lime juice and a pinch of salt in a non-metallic bowl, and set aside to lightly pickle for 20 mins. Will keep chilled for up to five days.\r\n\r\n<br><br>\r\n<b>STEP 2</b><br>\r\nHeat the oven to 200C/180C fan/gas 6. Arrange the fries in a single layer over a large baking tray, sprinkle with a generous pinch of the Cajun seasoning and bake for 10 mins, shaking the tray after 5 mins. They should be cooked but not have much colour.\r\n\r\n<br><br>\r\n<b>STEP 3</b><br>\r\nMeanwhile, squeeze the sausagemeat from the skins into a frying pan, and add the 2 tsp Cajun seasoning. Fry over a medium heat, breaking the meat up with a wooden spoon, until cooked and browned in places.\r\n\r\n<br><br>\r\n<b>STEP 4</b><br>\r\nRemove the fries from the oven, then scatter over the cooked sausage and cheese. Return to the oven for 10 mins until the cheese has melted and the chips are golden and crisp.\r\n\r\n<br><br>\r\n<b>STEP 5</b><br>\r\nTop the hot fries with the tomatoes, soured cream, jalapeños, pickled onions and coriander leaves just before serving.', '6367856d3d3b6.jpg', '1 red onion, halved and finely sliced\r\n<span><li>½ lime, juiced</li></span>\r\n<span><li>450g frozen oven fries</li></span>\r\n<span><li>2 tsp Cajun seasoning, plus a pinch</li></span>\r\n<span><li>6 pork or chorizo-style sausages</li></span>\r\n<span><li>150g mixed grated cheddar and mozzarella cheese</li></span>\r\n<span><li>2 tomatoes, finely chopped</li></span>\r\n<span><li>150g soured cream</li></span>\r\n<span><li>50g pickled jalapeños</li></span>\r\n<span><li>small bunch of coriander, leaves picked</li></span>', 'Enjoy fries loaded with tomatoes, soured cream, jalapeños and pickled red onions – perfect for movie nights or entertaining, they will be a big hit with any crowd.', 38, NULL),
(26, 'Air Fryer Potato Fries', '<br>\r\n<b>STEP 1</b><br>\r\nPeel the sweet potatoes and slice into ½ cm sticks. Put in a bowl, drizzle over the oil and give them a good toss to coat. Sprinkle over the paprika, mixed herbs and ½ tsp each of salt and pepper, then give it all a good mix with your hands to ensure it\'s evenly coated.\r\n\r\n<br><br>\r\n<b>STEP 2</b><br>\r\nCook, in batches, in a single layer in your air fryer basket at 180C for around 10-15 mins, until lightly golden, giving a little shake or toss after 5 mins. Once all the batches have cooked, return the fries to the air fryer, give it a good shake and cook for a further 1-2 mins to heat through.', '6367868f1688e.jpg', '2 sweet potatoes\r\n<span><li>1 tsp olive oil</li></span>\r\n<br>\r\nFor the seasoning\r\n<span><li>1 tsp sweet smoked paprika or other seasonings such as Cajun seasoning, BBQ seasoning or garlic granules</li></span>\r\n<span><li>½ tsp mixed herbs</li></span>', 'Create wonderfully cooked sweet potato fries in an air fryer using very little oil. Then toss in sweet smoked paprika, Cajun or BBQ seasonings to ramp up the flavour.', 39, NULL),
(27, 'Viennese Whirls', '<br>\r\n<b>STEP 1</b><br>\r\nHeat oven to 180C/160C fan/gas 4 and line 2 baking sheets with baking parchment. Put the butter and icing sugar in a large bowl and beat with an electric hand whisk for about 5 mins until pale and fluffy. Add the vanilla extract and beat again until fully incorporated.\r\n\r\n<br><br>\r\n<b>STEP 2</b><br>\r\nSift in the flour, cornflour and baking powder, and fold into the mixture using a spatula until combined (the dough should have a tacky consistency). Spoon the dough into a piping bag fitted with a large star-shaped nozzle. If all the mixture doesn’t fit, do it in 2 batches.\r\n<br><br>\r\n<b>STEP 3</b><br>\r\nPipe swirly circles 5cm diameter onto 2 baking sheets making sure there are 3cm spaces between each swirl.\r\n\r\n<br><br>\r\n<b>STEP 4</b><br>\r\nBake for 10-12 mins, swapping the trays over halfway through the cooking time so the biscuits are evenly baked, until pale golden and cooked through. Leave to cool on the baking sheets for a few mins, then transfer to wire racks.\r\n\r\n<br><br>\r\n<b>STEP 5</b><br>\r\nWhile the biscuits cool, make the filling. Put the softened butter in a large mixing bowl and add the icing sugar. Stir together initially with a wooden spoon then switch to electric beaters or a whisk to get the buttercream fluffy and smooth. Add the vanilla extract and beat once more to combine. Transfer the buttercream to a piping bag and snip off the end.\r\n\r\n<br><br>\r\n<b>STEP 6</b><br>\r\nTurn the biscuits over so their flat side is facing up then pipe buttercream over half of the biscuits and spread a little jam on the rest. Sandwich a jam covered biscuit together with a buttercream one and repeat until all the biscuits are used up.', '63678c3d2a1bb.jpg', 'For the biscuits\r\n<span><li>200g slightly salted butter, softened</li></span>\r\n<span><li>50g icing sugar</li></span>\r\n<span><li>2 tsp vanilla extract</li></span>\r\n<span><li>200g plain flour</li></span>\r\n<span><li>2 tsp cornflour</li></span>\r\n<span><li>½ tsp baking powder</li></span>\r\n<br>\r\nFor the filling\r\n<span><li>100g butter, softened</li></span>\r\n<span><li>170g icing sugar</li></span>\r\n<span><li>1 tsp vanilla extract</li></span>\r\n<span><li>50g raspberry jam or strawberry jam</li></span>', 'These elegant, buttery biscuits might look extra impressive but they are surprisingly easy to make. Dip in chocolate for an extra sweet treat.', 40, NULL),
(28, 'Oxtail Soup', '<br>\r\n<b>STEP 1</b><br>\r\nUp to two days ahead, tip the oxtail into a bowl and season with a little salt. Tie the thyme sprigs, bay leaves and parsley stalks together and put in the bowl with the peppercorns and star anise. Pour over the wine, then cover and chill for up to 48 hrs.\r\n\r\n<br><br>\r\n<b>STEP 2</b><br>\r\nHeat oven to 160C/140C fan/gas 4. Lift the oxtail out of the marinade, reserving the mixture. Heat a drizzle of the oil in a large casserole pan and, in batches if needed, brown the oxtail. Transfer to a plate and set aside. Add another drizzle of oil and cook the carrots, onion, celery and garlic until just starting to brown. Stir in the flour and ketchup and cook until you have a thick paste. Pour over the reserved marinade and simmer for 1 min. Nestle the oxtail back in the pan and pour over as much stock as you can, chilling any extra to use later. Bring everything to a gentle boil, scoop off any froth then cover and place in the oven for 3 hrs 30 mins, stirring once or twice until the meat is very tender.\r\n\r\n<br><br>\r\n<b>STEP 3</b><br>\r\nRemove the soup from the oven and leave to cool slightly, then lift the oxtail from the broth and shred the meat using two forks. Discard the bones and transfer the meat to a bowl. Sieve the liquid into another bowl, then cover and chill overnight.\r\n\r\n<br><br>\r\n<b>STEP 4</b><br>\r\nRemove and discard any fat that has solidified on top of the soup. Tip the broth into a saucepan and simmer until silky, adding more stock if the broth is too thick. Stir through the shredded meat until warmed through. Season to taste, then ladle into bowls and scatter over some parsley leaves, if you like.', '63678e706333c.jpg', '1 ½kg oxtail, cut into about 4 pieces\r\n<span><li>small handful thyme sprigs\r\n2 bay leaves</li></span>\r\n<span><li>small bunch fresh parsley, leaves and stalks separated</li></span>\r\n<span><li>½ tsp black peppercorns, roughly crushed</li></span>\r\n<span><li>small piece star anise</li></span>\r\n<span><li>½ bottle red wine</li></span>\r\n<span><li>4 tbsp sunflower oil</li></span>\r\n<span><li>1 onion, roughly chopped</li></span>\r\n<span><li>2 carrots, roughly chopped</li></span>\r\n<span><li>2 sticks celery, roughly chopped</li></span>\r\n<span><li>2 garlic cloves, bashed once and peeled</li></span>\r\n<span><li>1 tbsp plain flour</li></span>\r\n<span><li>1 tbsp ketchup</li></span>\r\n<span><li>2l beef stock</li></span>', 'Forget canned soup – this homemade oxtail soup has great taste. The recipe takes a little more effort, but if you can spare the time it\'s well worth it.', 41, NULL),
(29, 'Big-batch Bolognese', '<br>\r\n<b>STEP 1</b><br>\r\nHeat the oil in a very large saucepan. Gently cook the bacon, onions, carrots and celery for 20 mins until golden. Add the garlic, herbs, bay and mushrooms, then cook for 2 mins more.\r\n\r\n\r\n<br><br>\r\n<b>STEP 2</b><br>\r\nHeat a large frying pan until really hot. Crumble in just enough mince to cover the pan, cook until brown, then tip in with the veg. Continue to fry the mince in batches until used up. Tip the tomatoes and purée in with the mince and veg. Rinse the cans out with the red wine, if you have some, or with a little water, then add to the pan with the vinegar and sugar. Season generously and bring to a simmer. Simmer slowly for 1 hr until thick and saucy and the mince is tender. Serve with pasta and parmesan.\r\n\r\n\r\n<br><br>\r\n<b>STEP 3</b><br>\r\nIf you want to make this in a slow cooker, visit our slow cooker bolognese recipe.', '6367c45830a3c.jpg', '4 tbsp olive oil\r\n<span><li>6 smoked bacon rashers, chopped</li></span>\r\n<span><li>4 onions, finely chopped</li></span>\r\n<span><li>3 carrots, finely chopped</li></span>\r\n<span><li>4 celery sticks, finely chopped</li></span>\r\n<span><li>8 garlic cloves, crushed</li></span>\r\n<span><li>2 tbsp dried mixed herbs</li></span>\r\n<span><li>2 bay leaves</li></span>\r\n<span><li>500g mushrooms, sliced</li></span>\r\n<span><li>1½ kg lean minced beef (or use half beef, half pork mince)</li></span>\r\n<span><li>6 x 400g cans chopped tomatoes</li></span>\r\n<span><li>6 tbsp tomato purée</li></span>\r\n<span><li>large glass red wine (optional)</li></span>\r\n<span><li>4 tbsp red wine vinegar</li></span>\r\n<span><li>1 tbsp sugar\r\nparmesan, to serve</li></span>', 'Whip up a huge batch of bolognese that\'s fit to feed a hungry crowd, or freeze half for a speedy midweek meal.', 42, NULL),
(30, 'Broccoli & Stilton Soup', '<br>\r\n<b>STEP 1</b><br>\r\nHeat 2 tbsp rapeseed oil in a large saucepan and then add 1 finely chopped onion. Cook on a medium heat until soft. Add a splash of water if the onion starts to catch.\r\n\r\n<br><br>\r\n<b>STEP 2</b><br>\r\nAdd 1 sliced celery stick, 1 sliced leek, 1 diced medium potato and a knob of butter. Stir until melted, then cover with a lid. Allow to sweat for 5 minutes then remove the lid.\r\n<br><br>\r\n<b>STEP 3</b><br>\r\nPour in 1l of chicken or vegetable stock and add any chunky bits of stalk from 1 head of broccoli. Cook for 10-15 minutes until all the vegetables are soft.\r\n\r\n<br><br>\r\n<b>STEP 4</b><br>\r\nAdd the rest of the roughly chopped broccoli and cook for a further 5 minutes.\r\n\r\n<br><br>\r\n<b>STEP 5</b><br>\r\nCarefully transfer to a blender and blitz until smooth.\r\n\r\n<br><br>\r\n<b>STEP 6</b><br>\r\nStir in 140g crumbled stilton, allowing a few lumps to remain. Season with black pepper and serve.', '6367c5b3876b2.jpg', '2 tbsp rapeseed oil\r\n<span><li>1 onion, finely chopped</li></span>\r\n<span><li>1 stick celery, sliced</li></span>\r\n<span><li>1 leek, sliced</li></span>\r\n<span><li>1 medium potato, diced</li></span>\r\n<span><li>1 knob butter</li></span>\r\n<span><li>1l low salt or homemade chicken or vegetable stock</li></span>\r\n<span><li>1 head broccoli, roughly chopped</li></span>\r\n<span><li>140g stilton, or other blue cheese, crumbled</li></span>', 'A smooth, blended vegetable soup with blue cheese that\'s as good for a comforting meal as it is for a dinner party starter.', 43, NULL),
(31, ' Raw Raspberry Shrub', '<br>\r\n<b>STEP 1</b><br>\r\nPut half the raspberries in a large bowl and lightly crush some of them with a muddler or a potato masher. Pour over the honey, stir well, cover and leave in the fridge overnight.\r\n<br><br>\r\n<b>STEP 2</b><br>\r\nThe following day, stir in the vinegar, then tip the mixture into a sieve over a large jug and press through using the back of a spoon.\r\n\r\n<br><br>\r\n<b>STEP 3</b><br>\r\nAdd the remaining raspberries, the mint leaves, sparkling water and ice. Stir gently to combine, then serve.', '6367cbb48bdf9.jpg', '300g raspberries\r\n<span><li>50g raw honey</li></span>\r\n<span><li>75ml raw apple cider vinegar</li></span>\r\n<span><li>½ small pack mint, leaves only</li></span>\r\n<span><li>750ml bottle sparkling water</li></span>\r\n<span><li>ice</li></span>', 'A cordial-like drink made from fruit, vinegar and sugar with sweet and sharp notes - an elegant mocktail to share with friends', 44, NULL),
(32, '1', 'lllll', '638982b59d1c8.png', 'lllll', 'pppp', 12, NULL),
(33, ' Vegan Lemon Cake', '<br>\r\n<b>STEP 1</b><br>\r\nHeat oven to 200C/180C fan/gas 6. Oil a 1lb loaf tin and line it with baking parchment. Mix the flour, sugar, baking powder and lemon zest in a bowl. Add the oil, lemon juice and 170ml cold water, then mix until smooth.\r\n\r\n<br><br>\r\n<b>STEP 2</b><br>\r\nPour the mixture into the tin. Bake for 30 mins or until a skewer comes out clean. Cool in the tin for 10 mins, then remove and transfer the cake to a wire rack to cool fully.\r\n\r\n<br><br>\r\n<b>STEP 3</b><br>\r\nFor the icing, sieve the icing sugar into a bowl. Mix in just enough lemon juice to make an icing thick enough to pour over the loaf (if you make the icing too thin, it will just run off the cake).', '6367d74adad89.png', '100ml vegetable oil, plus extra for the tin\r\n<span><li>275g self-raising flour</li></span>\r\n<span><li>200g golden caster sugar</li></span>\r\n<span><li>1 tsp baking powder</li></span>\r\n<span><li>1 lemon, zested, 1/2 juiced</li></span>\r\n<br>\r\nFor the icing\r\n<span><li>150g icing sugar</li></span>\r\n<span><li>½ lemon, juiced</li></span>', 'Try baking a vegan version of lemon cake. Light and zingy, it also works well if you replace the flour and baking powder with gluten-free alternatives.\r\n\r\n', 46, NULL),
(34, 'Vegan Jambalaya', '<br>\r\n<b>STEP 1</b><br>\r\nHeat the oil in a large pan set over a high heat and fry the onion, celery and pepper, stirring occasionally, for 5 mins until starting to soften and colour.\r\n\r\n<br><br>\r\n<b>STEP 2</b><br>\r\nStir in the spices and rice, then tip in the tomatoes and a can of water. Stir in the garlic, beans and bouillon. Bring to a simmer, then cover and cook for 25 mins until the rice is tender and has absorbed most of the liquid. Keep an eye on the pan towards the end of the cooking time to make sure it doesn’t boil dry – if it starts to catch, add a little more water. Stir in the parsley and serve hot.', '6367d842d5ccc.png', '2 tbsp olive oil\r\n<span><li>1 large onion (180g), finely chopped</li></span>\r\n<span><li>4 celery sticks, finely chopped</li></span>\r\n<span><li>1 yellow pepper, chopped</li></span>\r\n<span><li>2 tsp smoked paprika</li></span>\r\n<span><li>½ tsp chilli flakes</li></span>\r\n<span><li>½ tsp dried oregano</li></span>\r\n<span><li>115g brown basmati rice</li></span>\r\n<span><li>400g can chopped tomatoes</li></span>\r\n<span><li>2 garlic cloves, finely grated</li></span>\r\n<span><li>400g butter beans, drained and rinsed</li></span>\r\n<span><li>2 tsp vegetable bouillon powder</li></span>\r\n<span><li>large handful of parsley, chopped</li></span>', 'Enjoy a delicious plant-based dinner with this vegan rice and bean one-pot. It is packed with all five of your 5-a-day, as well as iron, vitamin C and fibre.', 47, NULL),
(35, 'Vegan Shepherd Pie', '<br>\r\n<b>STEP 1</b><br>\r\nPut the unpeeled potatoes in a large saucepan, cover with water, bring to the boil and simmer for 40 mins until the skins start to split. Drain and leave to cool a little.\r\n\r\n<br><br>\r\n<b>STEP 2</b><br>\r\nMeanwhile, heat the vegetable oil in a large heavy-based sauté pan or flameproof casserole dish. Add the mushrooms, leeks , onions, carrots and the stock cube and cook gently for 5 mins , stirring every so often. If it starts to stick, reduce the heat and stir more frequently, scraping the bits from the bottom. The veg should be soft but not mushy.\r\n\r\n<br><br>\r\n<b>STEP 3</b><br>\r\nAdd the garlic, tomato purée, paprika, squash and herbs. Stir and turn the heat up a bit, cook for 3 mins, add the celery, then stir and cook for a few more mins.\r\n\r\n<br><br>\r\n<b>STEP 4</b><br>\r\nTip in the chickpeas along with the water in the can and reserved mushroom stock. Add the peas and spinach and stir well. Cook for 5 mins, stirring occasionally, then season, turn off and set aside. There should still be plenty of liquid and the veg should be bright and a little firm.\r\n\r\n<br><br>\r\n<b>STEP 5</b><br>\r\nPeel the potatoes and discard the skin. Mash 200g with a fork and stir into the veg. Break the rest of the potatoes into chunks, mix with the olive oil and parsley and season.\r\n\r\n<br><br>\r\n<b>STEP 6</b><br>\r\nDivide the filling into the pie dishes and top with the potatotes. Heat oven to 190C/170C fan/gas 5 and bake the pies for 40-45 mins, until the top is golden and the filling is heated through. If making individual pies, check after 20 mins. Best served with tomato ketchup – as all great shepherd’s pies are.', '6367dbea1ae9e.png', '1.2kg floury potatoes, such as Maris Piper or King Edward\r\n<span><li>50ml vegetable oil</li></span>\r\n<span><li>30g dried porcini mushrooms, soaked in hot water for 15 mins, then drained (reserve the liquid)</li></span>\r\n<span><li>2 large leeks, chopped</li></span>\r\n<span><li>2 small onions, chopped</li></span>\r\n<span><li>4 medium carrots (about 300g), cut into small cubes</li></span>\r\n<span><li>1 vegetable stock cube (make sure it\'s vegan)</li></span>\r\n<span><li>3 garlic cloves, crushed</li></span>\r\n<span><li>2 tbsp tomato purée</li></span>\r\n<span><li>2 tsp smoked paprika</li></span>\r\n<span><li>1 small butternut squash, peeled and cut into small cubes</li></span>\r\n<span><li>½ small pack marjoram or oregano, leaves picked and roughly chopped</li></span>\r\n<span><li>½ small pack thyme, leaves picked</li></span>\r\n<span><li>½ small pack sage, leaves picked and roughly chopped</li></span>\r\n<span><li>4 celery sticks, chopped</li></span>\r\n<span><li>400g can chickpeas</li></span>\r\n<span><li>300g frozen peas</li></span>\r\n<span><li>300g frozen spinach</li></span>\r\n<span><li>20ml olive oil</li></span>\r\n<span><li>small pack flat-leaf parsley, chopped</li></span>\r\n', 'A warming vegan supper with porcini mushrooms, leeks, carrots, and butternut squash, topped with crispy potatoes. It is low calorie, low fat, and perfect for when the nights draw in.', 48, NULL),
(36, 'Vegan Katsu Curry', '<br>\r\n<b>STEP 1</b><br>\r\nFirst, make the curry sauce. Heat the oil in a pan and cook the onion and carrot until soft and starting to caramelise, about 8 mins. Add the garlic and ginger and sizzle for another minute or so, then stir in the curry powder and turmeric. Once the spices are warmed through, add the coconut milk, maple syrup and 100ml water. Season well, cover and simmer over a low heat for 20 mins, topping up with more water if it gets too thick.\r\n\r\n<br><br>\r\n<b>STEP 2</b><br>\r\nMeanwhile, slice the tofu in half through the centre. Carefully cut each piece into four triangles. In a wide bowl, mix the cornflour with 3 tbsp water and some seasoning until combined. Put the breadcrumbs in a second bowl. Dip a tofu piece into the flour mixture, then the breadcrumbs, turning until well coated. If the crumbs are not sticking well make the cornflour mixture a little bit thicker and try again. Press firmly.\r\n\r\n<br><br>\r\n<b>STEP 3</b><br>\r\nWhen the carrot in the curry sauce is soft, blitz using a stick or tabletop blender. If the sauce is too thick, add a little more water. Taste and add more salt, maple syrup or some lime juice, if you like. Keep warm.\r\n\r\n<br><br>\r\n<b>STEP 4</b><br>\r\nHeat the oil in a frying pan and cook the tofu for 4-5 mins on each side until golden and hot through. To serve, put the rice in bowls and top with the curry sauce, crispy tofu, the cucumber and carrot ribbons, herbs and lime wedges.', '6367dd2839c55.png', '2 tbsp rapeseed oil or vegetable oil\r\n<span><li>200g cooked rice (we used basmati)</li></span>\r\n<span><li>¼ large cucumber, peeled into ribbons</li></span>\r\n<span><li>1 carrot, peeled into ribbons\r\nhandful of mint leaves or coriander leaves, or both</li></span>\r\n<span><li>lime wedges, to serve</li></span>\r\n<br>\r\nFor the curry sauce\r\n<span><li>1 tbsp rapeseed oil or vegetable oil</li></span>\r\n<span><li>1 onion, chopped</li></span>\r\n<span><li>1 large carrot, chopped</li></span>\r\n<span><li>1 large garlic clove, crushed</li></span>\r\n<span><li>2cm piece ginger, peeled and grated or finely chopped</li></span>\r\n<span><li>½ tbsp curry powder, mild or medium</li></span>\r\n<span><li>¼ tsp ground turmeric</li></span>\r\n<span><li>200ml coconut milk</li></span>\r\n<span><li>2 tsp maple syrup (or honey if not cooking for vegans)</li></span>\r\n<br>\r\nFor the katsu\r\n<span><li>1 tbsp cornflour</li></span>\r\n<span><li>280-300g block firm tofu</li></span>\r\n<span><li>200g dried breadcrumbs, we used panko (gluten-free if necessary)</li></span>', 'Enjoy a vegan version of katsu curry, with crispy, golden tofu. Serve with rice, fresh herbs and cucumber and carrot ribbons.', 49, NULL),
(37, 'Vegan Kimchi', '<br>\r\n<b>STEP 1</b><br>\r\nChop the Chinese leaf into bite-size pieces, weighing it until you have 2kg, then wash under running water. Mix the Chinese leaf with the salt and the seaweed in a large bowl. Set aside.\r\n<br><br>\r\n<h4>STEP 2</h4>\r\nEvery now and then, over the course of 3-4 hrs, mix the salted Chinese leaf and seaweed with your hands. (You will start to see liquid being released.) You want to be able to bend the Chinese leaf without breaking the pieces.\r\n\r\n<br><br>\r\n<b>STEP 2</b><br>\r\nMeanwhile, shred the carrot and leek, and chop the spring onions. Set aside. Make the chilli paste by blitzing the onion, garlic, ginger and pear in a food processor until puréed. Add the chilli flakes, then blitz again to combine. Drain the Chinese leaf mixture, removing as much water as you can. This may take about 10 mins.\r\n\r\n<br><br>\r\n<b>STEP 3</b><br>\r\nToss the Chinese leaf mixture with the other vegetables, then mix in the chilli paste to coat everything. Tip into a 2-litre sterilised jar. Try not to have too many air pockets and leave a 1-inch space under the lid. Put a fermentation weight on top, or if you don’t have one, try using some baking beans in a bag. Keep a plate under the jar in case of overflow. After 24-48 hrs you will begin to see bubbles appearing. That means fermentation is underway.\r\n\r\n<br><br>\r\n<b>STEP 4</b><br>\r\nAt any point during the fermentation, you can taste the kimchi to see how you like the flavour. I prefer to keep mine in the fridge after day 3 to slow down the process and start enjoying it. You can transfer the kimchi into smaller jars for easy access from the fridge. It also makes a great present for family and friends.', '6367e04fe83a6.png', '2-3 Chinese leaf (2kg prepared weight)\r\n40-60g sea salt (3% of the cabbage weight)\r\n<span><li>1 tbsp seaweed (I use wakame), lightly rinsed</li></span>\r\n<span><li>1 carrot</li></span>\r\n<span><li>½ leek</li></span>\r\n<span><li>2 spring onions</li></span>\r\n<br>\r\nFor the chilli paste\r\n<span><li>40g onion, chopped</li></span>\r\n<span><li>40g garlic (10 cloves), peeled</li></span>\r\n<span><li>5g ginger, chopped</li></span>\r\n<span><li>1 small pear, cored and chopped</li></span>\r\n<span><li>40g Korean chilli flakes (use less if you prefer it milder)</li></span>\r\n<span><li>a 2-litre sterilised jar</li></span>', 'Make a delicious vegan version of kimchi (or kimchee) using this simple Korean recipe. Enjoy the umami flavours of the seaweed, whether you follow a plant-based diet or not.', 50, NULL);
INSERT INTO `full_recipy` (`id`, `title`, `title_text`, `image`, `ing_text`, `disc`, `rid`, `comments`) VALUES
(38, 'Vegan Trifle', '<br>\r\n<b>STEP 1</b><br>\r\nTo make the sponge, heat the oven to 180C/160C fan/gas 4 and oil and line a 20cm square or round cake tin with parchment. Mix the vegetable oil, vanilla paste, lemon juice and plant milk in a jug. Tip the baking powder, caster sugar and flour into a large bowl. Make a well and slowly whisk in the vegetable oil mixture until smooth, then spoon into the prepared tin and bake for 30-40 mins until golden and a skewer inserted into the middle comes out clean. Transfer to a wire rack and leave to cool completely.\r\n\r\n<br><br>\r\n<b>STEP 2</b><br>\r\nMeanwhile, make the compote. Put the raspberries, sugar, lemon and 50ml water in a small pan, bring to a simmer and cook for 4-6 mins until the fruit breaks down a little to a sauce. Remove and set aside to cool.\r\n\r\n<br><br>\r\n<b>STEP 3</b><br>\r\nTo make the custard, put the cornflour in a bowl and add a splash of the cold plant milk, and stir until lump-free. Pour this mixture into a saucepan with the remaining ingredients, including the rest of the milk, and cook over a low heat for 6-8 mins, stirring often, until you get a thick custard that coats the back of a spoon thickly. Cover the surface with a piece of parchment and set aside to cool.\r\n<br><br>\r\n<b>STEP 4</b><br>\r\nTo assemble, cut the sponge into squares or fingers, and place in the bottom of a trifle dish. Spoon over the compote, then add 150g of the raspberries. Give the cooled custard a brief whisk, then pour over the top of the raspberries. Chill for 1-2 hrs until the custard has set.\r\n\r\n<br><br>\r\n<b>STEP 5</b><br>\r\nWhip all of the ingredients for the cream together until you get soft peaks (it\'s best to taste the cream for sweetness before adding the icing sugar), and spoon over the top of the set custard. Chill until ready to serve. Scatter with the remaining raspberries, mint, almonds and a dusting of icing sugar to decorate, if you like.', '6367e16eacec0.png', 'For the sponge\r\n<span><li>50ml vegetable oil, plus extra for the tin</li></span>\r\n<span><li>1 tsp vanilla bean paste</li></span>\r\n<span><li>1 tbsp lemon juice</li></span>\r\n<span><li>200ml plant milk</li></span>\r\n<span><li>¼ tsp baking powder</li></span>\r\n<span><li>125g caster sugar</li></span>\r\n<span><li>200g self-raising flour</li></span>\r\n<br>\r\nFor the compote\r\n<span><li>400g raspberries or mixed berries, fresh or frozen</li></span>\r\n<span><li>100g caster sugar</li></span>\r\n<span><li>1 tbsp lemon juice</li></span>\r\n<br>\r\nFor the custard\r\n<span><li>50g cornflour</li></span>\r\n<span><li>500ml plant milk</li></span>\r\n<span><li>75g caster sugar</li></span>\r\n<span><li>1 tsp vanilla bean paste</li></span>\r\n<span><li>a pinch turmeric</li></span>\r\n<br>\r\nFor the cream\r\n<span><li>250ml whippable plant cream</li></span>\r\n<span><li>2-3 tsp icing sugar, plus extra for dusting</li></span>\r\n<span><li>1 tsp vanilla bean paste</li></span>\r\n<br>\r\nTo serve\r\n<span><li>300g raspberries</li></span>\r\n<span><li>10 mint leaves</li></span>\r\n<span><li>3 tbsp flaked almonds</li></span>', 'Treat guests to this plant-based trifle, with layers of sponge, compote, custard and dairy-free cream. It is a great dessert for a celebration.', 51, NULL),
(39, 'Vegan Fajitas', '<br>\r\n<b>STEP 1</b><br>\r\nHeat the oil in a frying pan and fry the peppers and onions over a medium high heat until tender and starting to turn golden brown, about 6-8 mins. Add the garlic and spices and fry for 1 min more until fragrant. Add half of the lime juice and season. Transfer to a serving dish and keep warm while you heat the beans.\r\n\r\n\r\n<br><br>\r\n<b>STEP 2</b><br>\r\nTip the black beans into the same frying pan and add the remaining lime juice. Season well, and stir until warmed through and coated in any remaining spices from the pan. Stir in most of the coriander.\r\n\r\n\r\n<br><br>\r\n<b>STEP 3</b><br>\r\nWarm the tortillas in the microwave or wrapped in foil in a low oven, then cover with a tea towel to keep them warm. Serve the wraps with the peppers, beans, avocado, dairy-free yogurt, extra coriander and extra lime wedges to squeeze over, if you like.', '6367e4bf4c972.png', '1 tbsp vegetable oil\r\n<span><li>2 red or yellow peppers, cut into strips</li></span>\r\n<span><li>1 red onion, sliced</li></span>\r\n<span><li>1 garlic clove, crushed</li></span>\r\n<span><li>½ tsp chilli powder or chilli flakes</li></span>\r\n<span><li>½ tsp smoked paprika</li></span>\r\n<span><li>½ tsp ground cumin</li></span>\r\n<span><li>1 lime, juiced</li></span>\r\n<span><li>400g can black beans, rinsed and drained</li></span>\r\n<span><li>small bunch coriander, finely chopped</li></span>\r\n<span><li>4 large or 8-12 small tortillas</li></span>\r\n<span><li>1 avocado, sliced</li></span>\r\n<span><li>dairy free yogurt, to serve (optional)</li></span>', 'Make a vegan version of fajitas with all the flavours of the classic Mexican dish. It makes a great sharing dish where everyone can help themselves.', 52, NULL),
(40, 'Vegan Ramen', '<br>\r\n<b>STEP 1</b><br>\r\nCrush the garlic with the back of a big knife, then put it in a saucepan with the ginger, miso, neri goma, mushrooms, stock and soy. Bring to a gentle simmer, cover and bubble for 5 mins until the ginger is soft. Strain into a clean pan and discard everything left in the strainer.\r\n\r\n<br><br>\r\n<b>STEP 2</b><br>\r\nMeanwhile, cook the tofu. Toss it in the cornflour and heat the oil in a frying pan. Fry for a few mins on each side, being careful as you turn it that it doesn’t fall apart. Cook the noodles for 1 min less than pack instructions, so they retain a little bite. Drain and leave in the pan with a little cooking water so they don’t stick together.\r\n\r\n<br><br>\r\n<b>STEP 3</b><br>\r\nAdd the pak choi and whites of the spring onions to the broth and gently reheat for 1-2 mins until the greens have just wilted.\r\n\r\n<br><br>\r\n<b>STEP 4</b><br>\r\nDivide the noodles between two deep bowls, ladle over the broth and veg. Top with the tofu, beansprouts, carrot and ginger matchsticks, green parts of the spring onions and a drizzle of sesame oil, plus the other toppings, if you like.', '6368709335426.png', '2 garlic cloves\r\n<span><li>thumb-sized piece ginger, sliced, plus a few slices cut into fine matchsticks to serve (optional)</li></span>\r\n<span><li>1½ tbsp white miso paste</li></span>\r\n<span><li>1 tbsp neri goma (white sesame paste) or tahini</li></span>\r\n<span><li>15g dried shiitake mushrooms</li></span>\r\n<span><li>1l good-quality vegan stock</li></span>\r\n<span><li>2 tbsp soy sauce</li></span>\r\n<span><li>200g firm tofu, cut into chunky cubes</li></span>\r\n<span><li>1 tbsp cornflour</li></span>\r\n<span><li>1 tbsp veg or sunflower oil</li></span>\r\n<span><li>100g (2 x nests) ramen or rice noodles</li></span>\r\n<span><li>1 head pak choi, quartered</li></span>\r\n<span><li>2 spring onions, finely sliced, white and green parts kept separate</li></span>\r\n<span><li>25g ready-to-eat beansprouts</li></span>\r\n<span><li>1 carrot, peeled and cut into fine matchsticks</li></span>\r\n<span><li>sesame oil, sriracha, chopped coriander, crushed peanuts, crumbled sheets of nori or dried chilli threads (silgochu), to serve (optional)</li></span>', 'Enjoy this vegan ramen for a tasty midweek meal in just 25 minutes. Dried mushrooms and miso paste give the broth plenty of umami flavour.', 53, NULL),
(41, 'Bread Pudding', '<br>\r\n<b>STEP 1</b><br>\r\nTear 500g white or wholemeal bread into a large mixing bowl and add 500g mixed dried fruit, 85g mixed peel and 1 ½ tbsp mixed spice.\r\n\r\n<br><br>\r\n<b>STEP 2</b><br>\r\nPour in 600ml milk, then stir or scrunch through your fingers to mix everything well and completely break up the bread.\r\n\r\n<br><br>\r\n<b>STEP 3</b><br>\r\nAdd 2 beaten large eggs, 140g light muscovado sugar and zest of 1 lemon, if using. Stir well, then set aside for 15 mins to soak.\r\n\r\n<br><br>\r\n<b>STEP 4</b><br>\r\nHeat oven to 180C/160C fan/gas 4. Butter and line the base of a 20cm non-stick square cake tin (not one with a loose base).\r\n\r\n<br><br>\r\n<b>STEP 5</b><br>\r\nStir the melted butter into the pudding mixture, tip into the tin, then scatter with demerara.\r\n\r\n<br><br>\r\n<b>STEP 6</b><br>\r\nBake for 1½ hrs until firm and golden, covering with foil if it starts to brown too much. Turn out of the tin and strip off the paper. Cut into squares and serve warm.', '6368c8b9f037c.png', '500g white or wholemeal bread\r\n<span><li>500g/1lb 2oz mixed dried fruit</li></span>\r\n<span><li>85g mixed peel</li></span>\r\n<span><li>1½ tbsp mixed spice</li></span>\r\n<span><li>600ml milk</li></span>\r\n<span><li>2 large eggs, beaten</li></span>\r\n<span><li>140g light muscovado sugar</li></span>\r\n<span><li>1 lemon (optional)</li></span>\r\n<span><li>100g butter, melted</li></span>\r\n<span><li>2 tbsp demerara sugar</li></span>', 'This simple bake is lovely with a cuppa. Or have it for dessert instead, with custard or ice cream.', 54, NULL),
(42, 'Strawberry Mousse', '<br>\r\n<b>STEP 1</b><br>\r\nPut all but 2 strawberries into a pan along with 100ml water and the sugar. Over a medium heat, cook strawberries until soft enough to mash, about 3 mins. Take off the heat and squash the berries, using a fork, until pulpy. Add the marshmallows, then stir them into the hot strawberries until they dissolve. Leave to cool.\r\n<br><br>\r\n<b>STEP 2</b><br>\r\nWhip the cream until it holds its shape. Fold the cream into the cooled strawberry mix, then spoon into one bowl or separate pots and chill for about 2 hrs, or until set. Cut the reserved strawberries in half and use to decorate.', '6368cb247f3bd.png', '250g fresh strawberry, halved if large\r\n<span><li>25g caster sugar</li></span>\r\n<span><li>140g mini marshmallow</li></span>\r\n<span><li>200ml double cream</li></span>', 'This make-ahead mousse combines strawberries and marshmallows for a gorgeously fluffy texture. It is ready in under 15 minutes to enjoy as a light summer dessert.', 55, NULL),
(43, 'Best Ever Tiramisu', '<br>\r\n<b>STEP 1</b><br>\r\nPut the double cream, mascarpone, marsala and golden caster sugar in a large bowl.\r\n\r\n<br><br>\r\n<b>STEP 2</b><br>\r\nWhisk until the cream and mascarpone have completely combined and have the consistency of thickly whipped cream.\r\n\r\n<br><br>\r\n<b>STEP 3</b><br>\r\nPour the coffee into a shallow dish. Dip in a few of the sponge fingers at a time, turning for a few seconds until they are nicely soaked, but not soggy. Layer these in a dish until you’ve used half the sponge fingers, then spread over half of the creamy mixture.\r\n\r\n<br><br>\r\n<b>STEP 4</b><br>\r\nUsing the coarse side of the grater, grate over most of the dark chocolate. Then repeat the layers (you should use up all the coffee), finishing with the creamy layer.\r\n\r\n<br><br>\r\n<b>STEP 5</b><br>\r\nCover and chill for a few hours or overnight. Will keep in the fridge for up to two days.\r\n\r\n<br><br>\r\n<b>STEP 6</b><br>\r\nTo serve, dust with the cocoa powder and grate over the remainder of the chocolate.', '6368cd504e830.png', '400ml double cream\r\n<span><li>250g mascarpone</li></span>\r\n<span><li>75ml marsala</li></span>\r\n<span><li>5 tbsp golden caster sugar</li></span>\r\n<span><li>300ml coffee, made with 2 tbsp coffee granules and 300ml boiling water</li></span>\r\n<span><li>175g sponge fingers</li></span>\r\n<span><li>25g dark chocolate</li></span>\r\n<span><li>2tsp cocoa powder</li></span>', 'This super-simple Italian dessert actually benefits from being made ahead, allowing all the lovely flavours to mingle.', 56, NULL),
(44, 'Mushroom Soup', '<br>\r\n<b>STEP 1</b><br>\r\nHeat the butter in a large saucepan and cook the onions and garlic until soft but not browned, about 8-10 mins.\r\n\r\n<br><br>\r\n<b>STEP 2</b><br>\r\nAdd the mushrooms and cook over a high heat for another 3 mins until softened. Sprinkle over the flour and stir to combine. Pour in the chicken stock, bring the mixture to the boil, then add the bay leaf and simmer for another 10 mins.\r\n\r\n<br><br>\r\n<b>STEP 3</b><br>\r\nRemove and discard the bay leaf, then remove the mushroom mixture from the heat and blitz using a hand blender until smooth. Gently reheat the soup and stir through the cream (or, you could freeze the soup at this stage – simply stir through the cream when heating). Scatter over the parsley, if you like, and serve.', '6368d2b27a4e5.png', '90g butter\r\n<span><li>2 medium onions, roughly chopped</li></span>\r\n<span><li>1 garlic clove, crushed</li></span>\r\n<span><li>500g mushrooms, finely chopped (chestnut or button mushrooms work well)</li></span>\r\n<span><li>2 tbsp plain flour</li></span>\r\n<span><li>1l hot chicken stock</li></span>\r\n<span><li>1 bay leaf</li></span>\r\n<span><li>4 tbsp single cream</li></span>\r\n<span><li>small handful flat-leaf parsley, roughly chopped, to serve (optional)</li></span>', 'Make the most of mushrooms with this comforting mushroom soup recipe made with cream, onions and garlic. Serve for lunch or as a starter with crusty bread.', 57, NULL),
(45, 'Cauliflower Soup', '<br>\r\n<b>STEP 1</b><br>\r\nHeat the oven to 220C/200C fan/gas 7. Toss the cauliflower florets in a roasting tin with 1 tbsp olive oil, the cumin and the thyme. Roast for 15 mins or until golden and tender. Discard the thyme.\r\n<br><br>\r\n<b>STEP 2</b><br>\r\nHeat the remaining oil in a saucepan with the onion and celery and fry over a medium heat for 10 mins or until softened. Add the garlic and cook for 1 min. Stir through most of the cauliflower, reserving some to top the soup with later. Add 750ml of the stock to the pan and bring to a simmer. Cook for 10 mins.\r\n\r\n<br><br>\r\n<b>STEP 3</b><br>\r\nBlitz the soup until smooth using a hand blender or food processor. Stir through the cream and season to taste. Add extra stock if you like your soup a little thinner. Ladle into bowls and top with the parsley, reserved cauliflower and an extra drizzle of olive oil.', '6368d3a85ced8.png', '1 large cauliflower (1.5kg), cut into florets\r\n<span><li>½ tbsp ground cumin</li></span>\r\n<span><li>2 tbsp olive oil, plus extra for drizzling</li></span>\r\n<span><li>4 thyme sprigs</li></span>\r\n<span><li>1 onion, finely chopped</li></span>\r\n<span><li>1 celery stick, finely chopped</li></span>\r\n<span><li>1 garlic clove, crushed</li></span>\r\n<span><li>750-850ml veg or chicken stock</li></span>\r\n<span><li>100ml single cream</li></span>\r\n<span><li>½ small bunch of parsley, finely chopped</li></span>', 'Throw together this comforting and creamy cauliflower soup for lunch or a light supper. It is perfect topped with parsley and served with crusty bread.', 58, NULL),
(46, 'Breakfast Super-Shake', '<br>\r\n<b>STEP 1</b><br>\r\nPut the ingredients in a blender and blitz until smooth. Pour into a glass and enjoy!', '6368e0e893165.png', '100ml full-fat milk\r\n<span><li>2 tbsp natural yogurt</li></span>\r\n<span><li>1 banana</li></span>\r\n<span><li>150g frozen fruits of the forest</li></span>\r\n<span><li>50g blueberries</li></span>\r\n<span><li>1 tbsp chia seeds</li></span>\r\n<span><li>½ tsp cinnamon</li></span>\r\n<span><li>1 tbsp goji berries</li></span>\r\n<span><li>1 tsp mixed seeds</li></span>\r\n<span><li>1 tsp honey (ideally Manuka)</li></span>', 'This smoothie is high in natural fats and sugar - ideal if you need some fuel for intense exercise.', 59, NULL),
(47, 'High Protein Breakfast', '<br>\r\n<b>STEP 1</b><br>\r\nHeat grill to high. Drizzle a little of the oil on your tomatoes and season well. Lay the tomatoes on a baking tray lined with foil and place under the grill. Cook for 4-5 mins, then add the bacon to the tray. Turn the bacon as necessary until it is cooked through. Turn off the grill and shut the door to keep everything warm.\r\n\r\n<br><br>\r\n<b>STEP 2</b><br>\r\nMeanwhile, heat the remaining oil in a large, non-stick frying pan over a high heat. Season your steak well and, when the pan is very hot, fry for 3-4 mins each side for medium-rare, then leave it to rest until you are ready to eat.\r\n\r\n<br><br>\r\n<b>STEP 3</b><br>\r\nWhile the steak is resting, throw the mushrooms into the still-hot pan, fry for 2-3 mins until browned, then move to one side of the pan. Add the spinach to the other side of the pan and cook until wilted. Put a saucepan of water on to boil.\r\n\r\n<br><br>\r\n<b>STEP 4</b><br>\r\nCrack the egg into the boiling water, then reduce the heat until the water is gently simmering. Poach the egg for 3-4 mins or until the white has set but the yolk is still runny. Carefully lift it out with a slotted spoon and drain on kitchen paper. Serve everything together and top with the poached egg.', '6368e2c16ee05.png', '15ml olive oil\r\n<span><li>130g tomatoes, halved</li></span>\r\n<span><li>4 rashers turkey bacon</li></span>\r\n<span><li>180g sirloin steak, trimmed of visible fat</li></span>\r\n<span><li>150g mushrooms, sliced</li></span>\r\n<span><li>160g spinach</li></span>\r\n<span><li>1 egg</li></span>', 'A protein-packed version of a classic fry-up from Joe Wicks. Pile on the steak, mushrooms and spinach for a hearty, filling start to the day.', 60, NULL),
(48, 'Ratatouille', '<br>\r\n<b>STEP 1</b><br>\r\nCut 2 large aubergines in half lengthways. Place them on the board, cut side down, slice in half lengthways again and then across into 1.5cm chunks. Cut the ends off 4 small courgettes, then across into 1.5cm slices.\r\n\r\n<br><br>\r\n<b>STEP 2</b><br>\r\nPeel 2 red or yellow peppers from stalk to bottom. Hold upright, cut around the stalk, then cut into 3 pieces. Cut away any membrane, then chop into bite-size chunks.\r\n\r\n<br><br>\r\n<b>STEP 3</b><br>\r\nScore a small cross on the base of each of 4 large ripe tomatoes, then put them into a heatproof bowl. Pour boiling water over, leave for 20 secs, then remove. Pour the water away, replace the tomatoes and cover with cold water. Leave to cool, then peel the skin away.\r\n\r\n<br><br>\r\n<b>STEP 4</b><br>\r\nQuarter the tomatoes, scrape away the seeds with a spoon, then roughly chop the flesh.\r\n\r\n<br><br>\r\n<b>STEP 5</b><br>\r\nSet a sauté pan over medium heat and when hot, pour in 2 tbsp olive oil. Brown the aubergines for 5 mins on each side until the pieces are soft. Set them aside.\r\n\r\n<br><br>\r\n<b>STEP 6</b><br>\r\nFry the courgettes in another tbsp oil for 5 mins, until golden on both sides. Repeat with the peppers. Don’t overcook the vegetables at this stage.\r\n\r\n<br><br>\r\n<b>STEP 7</b><br>\r\nTear up the leaves from the bunch of basil and set aside. Cook 1 thinly sliced medium onion in the pan for 5 minutes. Add 3 crushed garlic cloves and fry for a further minute. Stir in 1 tbsp red wine vinegar and 1 tsp sugar, then tip in the tomatoes and half the basil.\r\n\r\n<br><br>\r\n<b>STEP 8</b><br>\r\nReturn the vegetables to the pan with some salt and pepper and cook for 5 mins. Serve with basil.', '6368ee099b832.png', '2 large aubergines\r\n<span><li>4 small courgettes</li></span>\r\n<span><li>2 red or yellow peppers</li></span>\r\n<span><li>4 large ripe tomatoes</li></span>\r\n<span><li>5 tbsp olive oil\r\nsupermarket pack or small bunch basil</li></span>\r\n<span><li>1 medium onion, peeled and thinly sliced</li></span>\r\n<span><li>3 garlic cloves, peeled and crushed</li></span>\r\n<span><li>1 tbsp red wine vinegar</li></span>\r\n<span><li>1 tsp sugar (any kind)</li></span>', 'Enjoy this super-healthy traditional ratatouille recipe for lunch or dinner, safe in the knowledge that it counts as four of your five-a-day.', 61, NULL),
(49, 'Cashew Curry Lunch', '<br>\r\n<b>STEP 1</b><br>\r\nPut the onion, garlic, ginger, chillies and coriander stalks in a small food processor and blitz to a paste.\r\n\r\n<br><br>\r\n<b>STEP 2</b><br>\r\nHeat a large, non-stick frying pan over a medium heat. Add the cashews and toast for 1-2 mins until light golden. Set aside and return the pan to the heat. Add the oil and stir-fry the paste for 5 mins to soften. Add the garam masala and cook for a further 2 mins.\r\n<br><br>\r\n<b>STEP 3</b><br>\r\nAdd the tomatoes and stock to the pan. Mix well, then tip into a blender with the cashews and blitz until smooth. Return to the pan, season and bring to the boil, then lower to a simmer.\r\n\r\n<br><br>\r\n<b>STEP 4</b><br>\r\nCook for 30 mins until the sauce has thickened then add the chicken, cover with a lid and simmer for another 15 mins, until the chicken is cooked through. Add the yogurt and cream (if using), and stir well to make a creamy sauce.\r\n\r\n<br><br>\r\n<b>STEP 5</b><br>\r\nScatter with the coriander leaves and serve with the greens.', '6368f222336df.png', '1 small onion, chopped\r\n<span><li>3-4 garlic cloves</li></span>\r\n<span><li>thumb-sized piece ginger, peeled and roughly chopped</li></span>\r\n<span><li>3 green chillies, deseeded</li></span>\r\n<span><li>small pack coriander, leaves picked and stalk roughly chopped</li></span>\r\n<span><li>100g unsalted cashews</li></span>\r\n<span><li>2 tbsp coconut oil</li></span>\r\n<span><li>1 ½ tbsp garam masala</li></span>\r\n<span><li>400g can chopped tomatoes</li></span>\r\n<span><li>450ml chicken stock</li></span>\r\n<span><li>3 large chicken breasts (about 475g), any visible fat removed, chopped into chunks</li></span>\r\n<span><li>155g fat-free Greek yogurt</li></span>\r\n<span><li>10ml single cream (optional)</li></span>\r\n<br>\r\nTo serve\r\n<span><li>165g boiled or steamed greens (choose from spinach, kale, runner beans, asparagus or broccoli)</li></span>', 'This easy low-carb lunch is packed with iron rich veggies, crunchy cashews and chicken. Serve with your favourite steamed greens and a scattering of coriander.', 62, NULL),
(50, 'One-pan Roast Dinner', '<br>\r\n<b>STEP 1</b><br>\r\nHeat oven to 220C/200C fan/gas 7. Snip the string or elastic off the chicken if it’s tied up, then place in a big roasting tin. Shove the lemon halves into the cavity. Rub the butter, herbs and seasoning all over the chicken. Put the potatoes and carrots around it, drizzle everything with oil, season and toss together.\r\n\r\n<br><br>\r\n<b>STEP 2</b><br>\r\nRoast for 20 mins, then turn the oven down to 200C/180C fan/gas 6 and roast for 50 mins more. Stir the peas, stock and Marmite into the veg in the tin, then return to the oven for 10 mins more.', '6368fcccd56b2.png', '1½ kg chicken\r\n<span><li>1 lemon, halved</li></span>\r\n<span><li>50g softened butter</li></span>\r\n<span><li>2 tsp dried mixed herbs</li></span>\r\n<span><li>750g potatoes, chopped into roastie size</li></span>\r\n<span><li>about 7 carrots, roughly 500g, each chopped into 2-3 chunks</li></span>\r\n<span><li>2 tbsp olive oil</li></span>\r\n<span><li>100g frozen peas</li></span>\r\n<span><li>300ml chicken stock</li></span>\r\n<span><li>1 tsp Marmite</li></span>', 'Take the stress out of a Sunday roast with this one-pan recipe that could not be simpler.', 63, NULL),
(51, 'Beef Ragout Dinner', '<br>\r\n<b>STEP 1</b><br>\r\nHeat the oven to 160C/140C fan/gas 3 and season the beef all over. Heat 1 tbsp oil in a flameproof casserole over a medium-high heat and brown the beef until dark, about 15 mins, in batches if you need to, using 1 tbsp oil for each batch. Drain the beef in a colander to remove the fat while you cook the rest.\r\n\r\n<br><br>\r\n<b>STEP 2</b><br>\r\nWipe out the pan with kitchen paper, then add about 2 tbsp oil, the onions, carrots, celery and garlic with a pinch of salt and cook for 8-10 mins over a low-medium heat. Stir in the tomato purée and cook for a further 3 mins. Add the wine, herbs, tomatoes and stock, season and bring to the boil, stir the beef back into the sauce and reduce to a simmer. Cover and put in the oven for 2 hrs 30 mins, then remove the lid, stir and put back in the oven, uncovered, for 30 mins. Stir or use a fork to roughly shred the beef, and season. Serve now, or chill until serving – it tastes better if made a day ahead.\r\n\r\n<br><br>\r\n<b>STEP 3</b><br>\r\nWhen ready to serve, gently reheat the ragout over a medium heat. Cook the pasta in a large pan of salted water for 3 mins, drain then tip into the ragout, toss together with some of the parmesan and leave for 1 min. Ladle the pasta into bowls, scatter over the remaining parmesan and serve.', '6368fdc192eef.png', '1.2kg beef shin, cut into chunks\r\n<span><li>4-5 tbsp olive oil</li></span>\r\n<span><li>2 onions, finely chopped</li></span>\r\n<span><li>3 carrots, finely chopped</li></span>\r\n<span><li>4 celery sticks, finely chopped</li></span>\r\n<span><li>4 garlic cloves, sliced</li></span>\r\n<span><li>3 tbsp tomato purée</li></span>\r\n<span><li>400ml red wine</li></span>\r\n<span><li>2 rosemary sprigs</li></span>\r\n<span><li>2 bay leaves</li></span>\r\n<span><li>2 x 400g cans chopped tomatoes</li></span>\r\n<span><li>500ml beef stock</li></span>\r\n<span><li>parmesan, grated, and pappardelle (see \'Goes well with\', below), to serve</li></span>', 'Add a modern-day twist to a classic bolognese with Tom Kerridge exquisite beef ragout. Serve with hand-cut pappardelle pasta for a great dinner party dish', 64, NULL),
(52, 'Air Fryer Bacon', '<b><br>STEP 1</b><br><span>Lay the bacon in a single layer in the base of an&nbsp;air fryer&nbsp;– be sure the layers aren\'t overlapping. The size of the air fryer basket will determine how many rashers you can cook at one time.<br></span><br><b>STEP 2</b><br>Set the air fryer to 200C and cook streaky bacon rashers for 6-10 mins – just-cooked bacon will take 6 mins, but crispier bacon will take 9-10 mins. Cook back bacon rashers for 4-8 mins, depending on your preference. If you are cooking in batches, remember that the second batch will usually be quicker as the air fryer has heated up.<br><br><b>STEP&nbsp;3</b><br>Remove the bacon using tongs and put on kitchen paper to drain before serving.<br> ', '63690faf1c63d.png', '6 rashers&nbsp;streaky bacon,&nbsp;or 3 rashers back bacon<br>', 'Cook bacon in an air fryer to achieve a crispy texture with less fat. The perfect bacon sandwich starts here.', 66, NULL),
(53, 'Air Fryer Sausages', '<b>STEP 1</b><br><span>Pierce the sausages a few times all over using a sharp&nbsp;knife&nbsp;(this is optional, but will help release more fat). Arrange the sausages in a single layer in an air fryer basket.</span><br><br><b>STEP 2</b><br><span>Set the&nbsp;air fryer&nbsp;to 180C and cook for 10-15 mins, turning every 5 mins, until the sausages are cooked through. If you have a meat thermometer, check they have reached 75C in the middle. Serve as a side for breakfast or in buns.</span><br> ', '63691ee230c41.png', '6&nbsp;sausages of your choice<br>', 'Cook sausages quickly and easily using an air fryer and without the need for additional oil.', 67, 'good'),
(54, 'Air Fryer Salmon', '<b>STEP 1</b><br>Combine the salt, pepper, mixed herbs and garlic granules, if using, in a bowl, then scatter onto a plate. Rub each salmon fillet with a little olive oil and roll in the seasoning to coat.<br><br><b>STEP 2</b><br><span>Put in the&nbsp;air fryer&nbsp;basket in one layer and cook at 180C for 8-10 mins, until cooked through. If you have larger salmon fillets they will need to be cooked for longer – keep checking after 10 mins and cook in 1-2 min blasts, until ready. Serve with greens and quinoa or rice, if you like.</span><br> ', '636924222aaca.png', '1 tsp&nbsp;salt<br>\r\n<span><li>1 tsp&nbsp;pepper</li></span>\r\n<span><li>1 tsp&nbsp;mixed herbs</li></span>\r\n\r\n<span><li>1 tsp&nbsp;garlic granules&nbsp;(optional)</li></span>\r\n\r\n<span><li>4&nbsp;salmon fillets&nbsp;(we used 4 x 130g fillets), skin on or removed</li></span>\r\n<span><li>½ tbsp&nbsp;olive oil</li></span>\r\n<span><li>cooked seasonal greens&nbsp;and grains such as quinoa or brown rice, to serve (optional)</li></span>', 'Salmon fillets cook beautifully in an air fryer and make a delicious meal when coated in a herb seasoning and served with greens and grains.', 68, NULL),
(57, 'Easy Banana Muffins', '<b>STEP 1</b><br><span>Heat the oven to 190C/170C Fan/gas 5. Line a 12-hole muffin tin with paper cases. Sift together the flour, baking powder, bicarbonate of soda and caster sugar with a big pinch of salt. In a separate bowl mix the melted butter, vanilla extract, eggs, mashed bananas and buttermilk.<br></span><br><b>STEP 2</b><br><span>Make a well in the centre of the dry ingredients and pour the wet ingredients in. Roughly mix together with a fork, being careful not to over-mix. Scatter in the chopped pecans, if using, then spoon the mixture into the muffin cases. Top with pecan halves, then bake for 20-25 mins, until golden brown. Cool on a wire rack.</span><br> ', '636a2524b1841.png', '250g&nbsp;self-raising flour<br>\r\n\r\n<span><li>1 tsp&nbsp;baking powder</li></span>\r\n<span><li>½ tsp&nbsp;bicarbonate of soda</li></span>\r\n<span><li>110g&nbsp;caster sugar</li></span><span<li>75g&nbsp;butter,&nbsp;melted</li></span>\r\n<span><li>1 tsp&nbsp;vanilla extract</li></span>\r\n<span><li>2&nbsp;eggs</li></span>\r\n<span><li>2&nbsp;large ripe bananas,&nbsp;mashed</li></span>\r\n<span><li>125ml&nbsp;buttermilk&nbsp;(or add 1 tsp of lemon juice to milk and leave for 20 mins)</li></span><li>50g&nbsp;pecans,&nbsp;chopped, plus extra to decorate (optional)</li></span>', 'Make these moreish banana muffins for an easy breakfast or a snack on the go. They\'re also great for lunchboxes and will prove popular with the whole family.', 70, NULL),
(58, 'Easy Carrot Cake', '<b>STEP 1</b><br><span>Heat the oven to 180C/160C fan/gas 4. Oil and&nbsp;line the base and sides&nbsp;of two 20cm cake tins with baking parchment whisk the oil, yogurt, eggs, vanilla and zest in a jug. Mix the flour, sugar, cinnamon and nutmeg with a good pinch of salt in a bowl. Squeeze any lumps of sugar through your fingers, shaking the bowl a few times to bring the lumps to the surface.<br></span><br><b>STEP 2</b><br>Add the wet ingredients to the dry, along with the carrots, raisins and half the nuts, if using. Mix well to combine, then divide between the tins.<br><br><b>STEP 3</b><br>Bake for 25-30 mins or until a skewer inserted into the centre of the cake comes out clean. If any wet mixture clings to the skewer, return to the oven for 5 mins, then check again. Leave to cool in the tins.<br>STEP 4To make the icing, beat the butter and sugar together until smooth. Add half the soft cheese and beat again, then add the rest (adding it bit by bit prevents the icing from splitting). Remove the cakes from the tins and sandwich together with half the icing. Top with the remaining icing and scatter with the remaining walnuts.&nbsp;Will keep in the fridge for up to five days.&nbsp;Best eaten at room temperature.<br> ', '636a3adc635e1.png', '230ml vegetable oil, plus extra for the tin\r\n<span><li>100g natural yogurt</li></span>\r\n<span><li>4 large eggs</li></span>\r\n<span><li>1½ tsp vanilla extract</li></span>\r\n<span><li>½ orange, zested</li></span>\r\n<span><li>265g self-raising flour</li></span>\r\n<span><li>335g light muscovado sugar</li></span>\r\n<span><li>2½ tsp ground cinnamon</li></span>\r\n<span><li>¼ fresh nutmeg, finely grated</li></span>\r\n<span><li>265g carrots (about 3), grated</li></span>\r\n<span><li>100g sultanas or raisins</li></span>\r\n<span><li>100g walnuts or pecans, roughly chopped (optional)</li></span>\r\n<br>\r\nFor the icing\r\n<span><li>100g slightly salted butter, softened</li></span>\r\n<span><li>300g icing sugar</li></span>\r\n<span><li>100g soft cheese</li></span>', 'Top this classic carrot cake with moreish icing and chopped walnuts or pecans. Serve as a sweet treat with a cup of tea any time of the day.', 71, NULL),
(59, 'Rice Paper Wraps', '<b>STEP 1</b><br>Put the noodles in a pan of water and bring to the boil, simmer for 3 mins, then cool under running water. Drain thoroughly.<br><br><b>STEP 2</b><br>Cut the carrot into matchsticks using a knife or a mandoline. Cut the avocado into strips and the cucumber into thin sticks. Soak 2 of the rice paper wraps in cold water for 1-2 mins until floppy.<br><br><b>STEP 3</b><br>Lift 1 sheet of rice paper out of the water, shake gently, then lay it carefully on a board. Place 2 prawns in the centre, with a mint leaf between them. Add a strip of avocado, pile some noodles on top, then add a layer of carrot and cucumber. Fold the bottom half of the rice paper over, then fold the sides in and tightly roll it up. Repeat using the second wrapper and soak 2 more to make 2 more rolls.<br><br><b>STEP 4</b><br>Make the rest of the rolls up using the remaining 4 wraps and the shredded chicken instead of prawns. Serve the rolls with the sweet chilli sauce for dipping.<br> ', '636a547caa93b.png', '50g rice vermicelli noodles\r\n<span><li>1 carrot, peeled</li></span>\r\n<span><li>1 avocado, peeled and destoned</li></span>\r\n<span><li>¼ cucumber</li></span>\r\n<span><li>8 rice paper wraps</li></span>\r\n<span><li>8 king prawns, peeled and cooked</li></span>\r\n<span><li>8 mint leaves</li></span>\r\n<span><li>½ cooked chicken breast, shredded</li></span>\r\n<span><li>sweet chilli sauce, to serve</li></span>', 'Make these rice paper wraps for an easy snack or appetizer. Kids will love them and they\'re wholesome, too, filled with plenty of protein and vegetables.', 72, NULL),
(60, 'Mint & Coriander Tomato Tarts', '<b>STEP 1</b><br>Preheat the oven to fan 200C/conventional 220C/gas 7. Divide the pastry into six pieces and roll out each piece on a floured surface to make a 15cm round. Place the pastry rounds on two or three non-stick baking sheets.<br><br><b>STEP 2</b><br>Mix the chopped mint and coriander in a small bowl with the crushed garlic, olive oil, cayenne pepper and 1⁄4 tsp salt.<br><br><b>STEP 3</b><br>Trim away the top and the bottom of each tomato, then cut the rest of each tomato into 4 thin slices. Spread a dessertspoon of the herb mixture over each pastry round, leaving a narrow margin of pastry uncovered. Arrange slices of tomato, overlapping, on each tart and sprinkle the remaining herb mixture on top. Season with salt and pepper.<br><br><b>STEP 4</b><br>Bake the tarts for 15-20 minutes until the pastry is crisp and golden. Serve while still hot.<br> ', '636a556591654.png', '500g pack ready-made puff pastry\r\n<span><li>2 tbsp finely chopped fresh mint</li></span>\r\n<span><li>2 tbsp finely chopped fresh coriander</li></span>\r\n<span><li>1 small garlic clove, crushed</li></span>\r\n<span><li>6 tbsp olive oil</li></span>\r\n<span><li>pinch of cayenne pepper</li></span>\r\n<span><li>6 large plum tomatoes</li></span>', 'These tarts make an appetizing hot first course or you can serve them for a&nbsp;light lunch with a tossed green salad.', 73, NULL),
(61, 'Healthy Fish Pie', '<b>STEP 1</b><br>Cook the potatoes and swede in boiling water until tender (about 20 minutes).<br><br><b>STEP 2</b><br>Preheat the oven to 190C/gas 5/fan 170C.While the potatoes and swede cook, put the soft cheese and stock into a large saucepan and heat gently, stirring with a wooden spoon, until blended and smooth. Now add the blended cornflour and cook until thick.<br><br><b>STEP 3</b><br>Stir the fish into the sauce with the prawns and parsley. Season with some pepper.<br><br><b>STEP 4</b><br>Tip the mixture into a 1.5 litre/2¾ pint baking dish. Drain the potatoes and swede, mash them well and season with black pepper. Spoon the mash over the fish to cover it completely. Bake for 25-30 minutes until piping hot, then transfer to a hot grill for a few minutes to brown the top. Serve with frozen peas or sweetcorn.<br> ', '636a6cd89bade.png', '500g floury potato, cut into chunks\r\n1medium swede (weighing about 600g/1lb 5oz), cut into chunks\r\n<span><li>200g tub low-fat soft cheese with garlic and herbs</li></span>\r\n<span><li>150ml vegetable stock</li></span>\r\n<span><li>4 tsp cornflour, blended with 2 tbsp cold water</li></span>\r\n<span><li>650g skinless, boneless cod, cut into large chunks</li></span>\r\n<span><li>100g cooked peeled prawn</li></span>\r\n<span><li>1 tsp chopped fresh parsley</li></span>', 'Making fish pie can be a palaver - not this one! Our healthy fish pie is simple to make and ready in just over an hour.', 74, NULL),
(62, 'Healthy Chicken Salad', '<b>STEP 1</b><br>Cover the chicken with cold water, bring to the boil, then cook for 10 mins. Remove from the pan and tear into shreds. Stir together the fish sauce, lime zest, juice and sugar until sugar dissolves.<br><br><b>STEP 2</b><br>Place the leaves and coriander in a container, then top with the chicken, onion, chilli and cucumber. Place the dressing in a separate container and toss through the salad when ready to eat.<br> ', '636a6dd734ef4.png', '1 boneless, skinless chicken breast\r\n<span><li>1 tbsp fish sauce</li></span>\r\n<span><li>zest and juice ½ lime (about 1 tbsp)</li></span>\r\n<span><li>1 tsp caster sugar</li></span>\r\n<span><li>100g bag mixed salad leaves</li></span>\r\n<span><li>large handful coriander, roughly chopped</li></span>\r\n<span><li>¼ red onion, thinly sliced</li></span>\r\n<span><li>½ chilli, deseeded and thinly sliced</li></span>\r\n<span><li>¼ cucumber, halved lengthways, sliced</li></span>', 'This easy-to-prepare healthy chicken salad is filled with zingy flavours - the simplified version is great for kids\' lunchboxes too.', 75, NULL),
(63, ' Healthy Porridge Bowl', '<b>STEP 1</b><br>Tip half the raspberries and all of the orange juice in a pan. Simmer until the raspberries soften, about 5 mins.<br><br><b>STEP 2</b><br><span>Meanwhile stir the oats, milk and 450ml water in a&nbsp;pan&nbsp;over a low heat until creamy. Top with the raspberry compote, remaining raspberries, orange slices, banana, almond butter, goji berries and chia seeds.</span><br> ', '636a715e8fe50.png', '100g frozen raspberries\r\n<span><li>1 orange, ½ sliced and ½ juiced</li></span>\r\n<span><li>150g porridge oats</li></span>\r\n<span><li>100ml milk</li></span>\r\n<span><li>½ banana, sliced</li></span>\r\n<span><li>2 tbsp smooth almond butter</li></span>\r\n<span><li>1 tbsp goji berries</li></span>\r\n<span><li>1 tbsp chia seeds</li></span>', 'Start your day right with this filling bowl of oats, berries, banana and seeds. It\'s healthy and packed with nutrients to fuel body and mind.', 76, NULL),
(64, 'Healthy Burgers', '<b>STEP 1</b><br>Tip the mince into a bowl with the spring onions, grated carrot, garlic, mustard, tarragon and egg. Mix well using a fork. Season with pepper and a pinch of salt, then divide the mixture into 4. Flatten each piece with your hands into a 10cm round (A), about 2cm thick – a similar width to the buns. Chill for about 30 mins. Or can be made a day ahead: stack the burgers between pieces of greaseproof paper to stop them sticking, wrap in cling film then chill until ready to cook.<br><br><b>STEP 2</b><br>Meanwhile, heat oven to 200C/fan 180C/ gas 6. Lay the peppers, cut sides down, on a non-stick baking sheet. Roast for 35 mins until the skins are charred, laying the tomatoes next to them, cut-side up, for the final 3 mins just to soften slightly. Remove and immediately transfer the peppers to a small bowl and cover with cling film. Leave for 5-10 mins until cool enough to handle. Peel off the pepper skins (B), chop the peppers and tip them back into the bowl to join any juices there. Chop the tomatoes and stir into the peppers with the lime juice, chives, onion and chillies. Taste and add a grind of pepper if needed. Set aside. Can be made 1-2 days ahead and chilled.<br><br><b>STEP 3</b><br>Heat a griddle pan, or cook the burgers on the barbecue. Lay the cut sides of the buns on the griddle and cook until marked with the griddle bars. Brush each burger on one side with some of the rapeseed oil. Place on the hot griddle, oiled side down. Cook – don’t move them or they may stick – for 5 mins for medium, brush the unoiled side with the rest of the oil (C), then turn and cook for another 5 mins. (For well done, add an extra 1-2 mins to each side.)<br><br><b>STEP 4</b><br>Remove and let the burgers rest for 2-3 mins. Drizzle a little of the pepper juices over the bottom of each bun to moisten, lay on some watercress sprigs, top with a burger, then a spoonful of the salsa (D), spooning over some more of the juices. Sandwich together with the tops of the buns.<br> ', '636a7220b86ae.png', '400g lean beef mince (10% fat), preferably organic\r\n<span><li>5 spring onions, finely chopped</li></span>\r\n<span><li>140g finely grated carrot</li></span>\r\n<span><li>2 garlic cloves, finely chopped</li></span>\r\n<span><li>2 tsp Dijon mustard</li></span>\r\n<span><li>1 tbsp chopped tarragon</li></span>\r\n<span><li>1 medium egg, beaten</li></span>\r\n<span><li>4 wholemeal bread rolls, split in half</li></span>\r\n<span><li>1½ tsp rapeseed oil, for brushing</li></span>\r\n<span><li>25g watercress</li></span>\r\n<br>\r\nFor the roasted pepper salsa\r\n<span><li>2 large red peppers halved lengthways and deseeded</li></span>\r\n<span><li>100g cherry or baby plum tomatoes, halved</li></span>\r\n<span><li>2 tsp lime juice</li></span>\r\n<span><li>2 tsp snipped chives</li></span>\r\n<span><li>¼ very small red onion, thinly sliced</li></span>\r\n<span><li>pinch crushed chillies</li></span>', 'Turn a barbecue favourite into a nutritious meal without compromising on taste with our easy healthy burgers.', 77, NULL),
(65, 'Watermelon Smoothie', '<b>STEP 1</b><br><span>Blitz the watermelon in a blender with the banana and apple juice until smooth.</span><br><br><b>STEP 2</b><br>Pour the smoothie into a tall glass and serve immediately.<br> ', '636a76f2caf8b.png', '150g watermelon, peeled and chopped\r\n<span><li>1 small banana, peeled and sliced</li></span>\r\n<span><li>100ml cold apple juice</li></span>', 'Enjoy a watermelon smoothie on a warm summer\'s day. Blended with banana and apple juice, this drink is packed with vitamin C.', 78, NULL),
(66, 'Easter Hot Chocolate', '<b>STEP 1</b><br><span>Pour boiling water from the kettle into a heatproof mug to warm it up. Heat the milk and cocoa in a small pan, or in blasts in the microwave, until steaming. Discard the hot water in the mug, and tip in the chocolate egg pieces. Pour over the hot milk. Stir for 30 seconds or until the chocolate has melted. Top with the cream, sprinkle over the mini eggs or broken egg pieces and marshmallows to serve.</span><br> ', '636a779c798a0.png', '200ml milk\r\n<span><li>½ tbsp cocoa powder</li></span>\r\n<span><li>100g hollow chocolate egg (milk or dark), broken into small pieces</li></span>\r\n<span><li>2 tbsp whipped or squirty cream</li></span>\r\n<span><li>25g mini chocolate eggs, sugar-coated chocolate buttons or beans, or more chocolate egg, broken into small pieces</li></span>\r\n<span><li>1 tbsp mini marshmallows</li></span>', 'Use up leftover chocolate from Easter eggs to make an indulgent hot chocolate. Top with squirty cream and marshmallows for a truly decadent drink.', 79, NULL),
(67, 'Easy white bread', '<b>STEP 1</b><br><span>Mix 500g strong white flour, 2 tsp salt and a 7g sachet of fast-action yeast in a large bowl.</span><br><br><b>STEP 2</b><br>Make a well in the centre, then add 3 tbsp olive oil and 300ml water, and mix well. If the dough seems a little stiff, add another 1-2 tbsp water and mix well.<br><br><b>STEP 3</b><br>Tip onto a lightly floured work surface and knead for around 10 mins.<br><br><b>STEP 4</b><br>Once the dough is satin-smooth, place it in a lightly oiled bowl and cover with cling film. Leave to rise for 1 hour until doubled in size or place in the fridge overnight.<br><br><b>STEP 5</b><br><span>Line a baking tray with baking parchment. Knock back the dough (punch the air out and pull the dough in on itself) then gently mould the dough into a ball.</span><br><br><b>STEP 6</b><br>Place it on the baking parchment to prove for a further hour until doubled in size.<br><br><b>STEP 7</b><br>Heat oven to 220C/fan 200C/gas 7.<br><br><b>STEP 8</b><br><span>Dust the loaf with some extra flour and cut a cross about 6cm long into the top of the loaf with a sharp knife.</span><br><br><b>STEP 9</b><br><span>Bake for 25-30 mins until golden brown and the loaf sounds hollow when tapped underneath. Cool on a witre rack.</span><br> ', '636a7ae79f598.png', '500g strong white flour, plus extra for dusting\r\n<span><li>2 tsp salt</li></span>\r\n<span><li>7g sachet fast-action yeast</li></span>\r\n<span><li>3 tbsp olive oil</li></span>\r\n<span><li>300ml water</li></span>', 'A great recipe for an electric breadmaker – or do it the traditional way.', 80, NULL),
(68, 'Tiger Bread', '<b>STEP 1</b><br>Tip the flour into a large mixing bowl. Stir through the yeast, sugar and salt. Make a well in the middle and gradually pour in the water. Swiftly mix together, then turn out onto a lightly floured surface. Knead the bread for 8-10 mins or until smooth and elastic. Lightly oil a large mixing bowl, then put the dough in the bowl, cover and leave in a warm place for 1 hr or until doubled in size.<br><br><b>STEP 2</b><br><span>Once the dough has risen, tip it onto a worktop and knead it three times. Shape the dough into an oval as best you can. Lightly flour a baking sheet and sit the loaf on it. Cover loosely with lightly oiled cling film and leave for a further 45 mins-1 hr or until doubled in size again.</span><br><br><b>STEP 3</b><br>Heat oven to 200C/180C fan/gas 6. Whisk together all of the topping ingredients in a small bowl until you get a spreadable paste, adding more water and/or flour if necessary, then set aside to rest for 5 mins. Gently spread the mixture over the loaf with a palette knife. Place the baking sheet in the centre of the oven and bake for 35 mins. Once cooked, the loaf should sound hollow when the base is tapped and should feel light for its size. Leave to cool completely before cutting into slices.<br> ', '636a7b672fb47.png', '500g strong white bread flour, plus extra for kneading\r\n<span><li>7g sachet fast action yeast</li></span>\r\n<span><li>1½ tsp caster sugar</li></span>\r\n<span><li>1½ tsp fine sea salt</li></span>\r\n<span><li>300-350ml warm water</li></span>\r\n<span><li>vegetable oil, for the bowl</li></span>\r\n<br>\r\nFor the topping\r\n<span><li>90g rice flour</li></span>\r\n<span><li>½ x 7g sachet fast action yeast</li></span>\r\n<span><li>¼ tsp salt</li></span>\r\n<span><li>1 tsp golden caster sugar</li></span>\r\n<span><li>½ tbsp toasted sesame oil</li></span>\r\n<span><li>90ml warm water</li></span>', 'With its iconic crackled crust and pillowy centre, tiger bread is a fantastic baking recipe to have up your sleeve. Our easy recipe is simple, and makes a great weekend project.', 81, NULL),
(69, ' Olive Oil bread', '<b>STEP 1</b><br>Tip the flour into a mixing bowl. For easy-blend dried yeast, stir this into the flour. For fresh yeast, crumble it and rub into the flour as you would with butter when making pastry. Add the salt and sugar.<br><br><b>STEP 2</b><br>Boil the kettle and measure 100ml into a jug. Top up with cold water to the 300ml mark. Test the temperature with your finger – it should feel perfectly hand-hot. Add the oil.<br><br><b>STEP 3</b><br>Make a well in the centre of the dry ingredients and pour in the liquid all at once. Mix quickly using your hands or a wooden fork to make a soft and slightly sticky dough. Wipe the dough around the bowl to pick up any loose flour.<br><br><b>STEP 4</b><br>Sprinkle the work surface with flour and tip out the dough. Knead by stretching it away from you, then folding it in half towards you and pushing it away with the heel of your hand. Give it a quarter turn and repeat, developing a rhythm.<br><br><b>STEP 5</b><br>When the dough is smooth, put it back into the mixing bowl, cover with a tea towel and leave to rest for 1 hr (no need to find a warm place). The dough is ready when it springs back when you press it with your finger. (At this stage, you can add other flavourings - see \'Goes well with\', right).<br><br><b>STEP 6</b><br>Tip dough onto a floured surface, knead to remove air bubbles. Shape into a round, place on an oiled baking sheet and slash top with sharp knife. Cover and rise for 30 mins. Heat oven to 240C/220C fan/gas 8. Bake for 30-35 mins until browned and crisp.<br> ', '636a877400f70.png', '7g sachet easy-blend yeast or 15g fresh yeast\r\n<span><li>500g strong white bread flour, plus extra for dusting</li></span>\r\n<span><li>2 tsp salt</li></span>\r\n<span><li>1 tsp sugar</li></span>\r\n<span><li>2 tbsp olive oil</li></span>', 'Follow this simple step-by-step method for a homemade loaf, or adapt to include your favourite flavours.', 82, NULL);
INSERT INTO `full_recipy` (`id`, `title`, `title_text`, `image`, `ing_text`, `disc`, `rid`, `comments`) VALUES
(70, ' Sticky Toffee Banana Bread', '<b>STEP 1</b><br>Heat the oven to 160C/140C fan/gas 3. Butter and line a 900g loaf tin with a strip of baking parchment.<br><br><b>STEP 2</b><br><span>Beat the butter and both sugars in a bowl for 5 mins with an electric whisk until really fluffy. Whisk the eggs, banana and yogurt in a separate bowl until mostly smooth, then whisk this into the butter and sugar mixture. Fold in the flour and baking powder until just combined, then fold in the dates and nuts. Spoon into the tin, smooth over the top and bake for 1 hr-1 hr 15 mins until a skewer inserted into the middle comes out clean. Leave to cool in the tin for 10 mins, then lift out using the strip of parchment. You can serve it warm now, or leave to cool completely on a wire rack Will keep for four days in an airtight container.</span><br><br><b>STEP 3</b><br>Meanwhile, make the toffee sauce. Put the sugar in a heavy-based frying pan and melt over a medium-low heat until light golden brown and liquid – don’t stir, just tilt the pan to melt the sugar. Carefully whisk in the butter until smooth, then pour in the cream slowly and bring to a bubble. Mix until the sauce is smooth and shiny. Pour into a heatproof bowl, cover and leave to cool to room temperature.<br><br><b>STEP 4</b><br>For the brittle, put the sugar in a frying pan with 2 tbsp water over a medium heat, stir briefly, then simmer for 10 mins until the caramel turns amber. Don’t stir after the initial mix, just tilt the pan to get an even deep golden colour.<br><br><b>STEP 5</b><br><span>Meanwhile, line a baking tray with baking parchment. Carefully stir the nuts, banana chips and salt into the caramel, until well coated, then pour onto the tray. Tip the tray (or use a spoon) to make sure the nuts are in a single layer – or they will be harder to separate later. Leave to cool completely before breaking the brittle into shards.</span><br><br><b>STEP 6</b><br><span>Stir the toffee sauce to loosen if it’s become stiff, or warm for a few seconds in the microwave (add a splash more cream if you need to), then drizzle over the cake so it drips down the sides. Top with the shards of brittle.&nbsp;Will keep for two days in an airtight container.</span><br> ', '636a8882900c7.png', '125g soft butter, plus extra for the tin\r\n<span><li>75g caster sugar</li></span>\r\n<span><li>50g dark brown soft sugar</li></span>\r\n<span><li>3 medium eggs</li></span>\r\n<span><li>2 large ripe bananas, mashed</li></span>\r\n<span><li>50g natural yogurt</li></span>\r\n<span><li>200g plain flour</li></span>\r\n<span><li>2 tsp baking powder</li></span>\r\n<span><li>50g pitted dates, chopped (about 10)</li></span>\r\n<span><li>50g pecans or walnuts, chopped (or mixed chopped nuts)</li></span>\r\n<br>\r\nFor the toffee sauce\r\n<span><li>100g light brown soft sugar</li></span>\r\n<span><li>25g butter, cut into cubes</li></span>\r\n<span><li>100ml double cream</li></span>\r\n<br>\r\nFor the banana & nut brittle\r\n<span><li>150g caster sugar</li></span>\r\n<span><li>50g pecan or walnuts (or mixed nuts)</li></span>\r\n<span><li>50g banana chips</li></span>\r\n<span><li>½ tsp sea salt flakes</li></span>', 'Use up overripe bananas to make this sticky toffee banana loaf. It’s even more indulgent with the toffee sauce and nut brittle.', 83, NULL),
(72, 'Pumpkin & Bacon Soup', '<b>STEP 1</b><br><span>In a large, heavy-bottomed pan, heat the oil with 25g butter. Add the onion and a pinch of salt and cook on a low heat for 10 mins or until soft. Add 60g bacon and cook for a further 5 mins until the bacon releases its fat. Then increase the heat to medium, add the pumpkin and stock and season. Bring to the boil, then reduce the heat to a simmer, cover with a lid and cook for about 40 mins until the pumpkin is soft. Pour in the cream, bring to the boil again and remove from the heat. Set aside some of the liquid, then blend the remaining pumpkin until smooth and velvety, adding liquid back into the pan bit by bit as you go (add more liquid if you like it thinner). Strain through a fine sieve, check the seasoning and set aside.</span><br><b>STEP 2</b><br><span>Melt the remaining butter in a pan over a high heat and fry the rest of the bacon with black pepper for 5 mins. Divide the bacon between four bowls, reheat the soup and pour over. To serve, sprinkle over the pumpkin seeds and drizzle with maple syrup.</span>\r\n', '637d1298903b3.png', '1 tbsp vegetable oil\r\n<span><li>50g butter</li></span>\r\n<span><li>1 onion, finely chopped</li></span>\r\n<span><li>150g maple-cured bacon, cut into small pieces</li></span>\r\n<span><li>½ Crown Prince pumpkin or onion squash, peeled, deseeded and cut into medium chunks (you need about 500g pumpkin flesh)</li></span>\r\n<span><li>1l chicken stock</li></span>\r\n<span><li>100ml double cream</li></span>\r\n<span><li>3 tbsp pumpkin seeds, toasted</li></span>\r\n<span><li>maple syrup, for drizzling</li></span>\r\n', 'The soft, sweet flesh of the Crown Prince pumpkin is perfect for this silky soup, butternut or onion squash are good alternatives.', 28, NULL),
(76, '1', '<ul><li><b>wje2e</b></li><li><br></li><li><br></li><li>asxdjjwvgd9pid</li><li>dghs</li></ul>', '6389845e59ec7.png', '<ul><li>ddndbific</li></ul>', 'ih<b>duwedwdiw</b>', 12, NULL),
(78, '1', '<b>STEP 1</b><br>In a large, heavy-bottomed pan, heat the oil with 25g butter. Add the onion and a pinch of salt and cook on a low heat for 10 mins or until soft. Add 60g bacon and cook for a further 5 mins until the bacon releases its fat. Then increase the heat to medium, add the pumpkin and stock and season. Bring to the boil, then reduce the heat to a simmer, cover with a lid and cook for about 40 mins until the pumpkin is soft. Pour in the cream, bring to the boil again and remove from the heat. Set aside some of the liquid, then blend the remaining pumpkin until smooth and velvety, adding liquid back into the pan bit by bit as you go (add more liquid if you like it thinner). Strain through a fine sieve, check the seasoning and set aside.<br><b>STEP 2<br></b>Melt the remaining butter in a pan over a high heat and fry the rest of the bacon with black pepper for 5 mins. Divide the bacon between four bowls, reheat the soup and pour over. To serve, sprinkle over the pumpkin seeds and drizzle with maple syrup.<br>', '6389933cc899d.png', '1 tbsp vegetable oil &lt;span&gt;<br><ul><li>50g butter</li><li>1 onion, finely chopped</li><li>150g maple-cured bacon, cut into small pieces</li><li>½ Crown Prince pumpkin or onion squash, peeled, deseeded and cut into medium chunks (you need about 500g pumpkin flesh</li><li>1l chicken stock</li><li>100ml double cream</li><li>3 tbsp pumpkin seeds, toasted</li><li>maple syrup, for drizzling</li></ul>', 'Swet flesh of the Crown Prince pumpkin is perfect for this silky soup, butternut or onion squash are good alternatives.<br>', 12, NULL);

-- --------------------------------------------------------

--
-- Table structure for table `recipes`
--

CREATE TABLE `recipes` (
  `rid` int(255) NOT NULL,
  `rimage` varchar(222) NOT NULL,
  `resname` mediumtext NOT NULL,
  `rtext` mediumtext NOT NULL,
  `link` varchar(200) NOT NULL
) ENGINE=InnoDB DEFAULT CHARSET=utf8mb4;

--
-- Dumping data for table `recipes`
--

INSERT INTO `recipes` (`rid`, `rimage`, `resname`, `rtext`, `link`) VALUES
(6, '635f7d467ce5d.png', 'Chopped Salad Raw', 'hjdsddo\"\"', 'jj'),
(7, '635f7e8f71460.png', 'Sri Lankan Chicken Curry', 'The hallmarks of this tasty Sri Lankan chicken curry include creamy coconut milk and homemade curry powder, which is made by toasting and grinding whole spices. Don’t let the long ingredient list deter you; once you have everything together, this dish is very easy to make. Tiny bird chiles are small but potent. In Sri Lanka, the curries are spicy, but you can use as few or as many chiles as you’d like. Prepare it in advance and you’ll find that it’s even more delicious the next day. Serve with some long-grain rice and a few different vegetable curries.', ''),
(25, '63653bd6f17c8.jpg', 'Black Orange Juice', 'Fresh orange with sour taste and texture.', ''),
(26, '636543d279b39.png', 'Chicken Satay Salad', 'Try this no-fuss, midweek meal that high in protein and big on flavour. Marinate chicken breasts, then drizzle with a punchy peanut satay sauce.', 'recipe/poR1.php'),
(28, '6365d2f2d18e8.png', 'Pumpkin & bacon soup', 'The soft, sweet flesh of the Crown Prince pumpkin is perfect for this silky soup, butternut or onion squash are good alternatives.', 'recipe/pump.php'),
(29, '6365db3c75622.png', 'Next level fried chicken', 'Choose boneless thighs to make the ultimate fried chicken. For the coating, we have come up with a method that results in the crispiest finish ever.', 'recipe/r2.php'),
(30, '6365ea7fe56c9.png', 'Gluten-free Pizza', 'Make our gluten-free version of a classic pizza. The base is easy, spread over rich homemade tomato sauce, then finish with buffalo mozzarella and fresh basil.', 'recipe/r3.php'),
(31, '6366606392e57.png', 'Cranberry & lentil Bake', 'Double or triple the quantities of this festive cranberry and lentil bake to serve more people, if you like. You can make it up to two days before serving.', 'recipe/poR2.php'),
(32, '63667b6882343.png', 'Indian Winter Soup', 'This warming winter soup is high in fibre, low in fat and can be frozen for ultimate convenience.', 'recipe/poR3.php'),
(33, '63667e004f132.png', 'Paneer-stuffed Pancakes', 'These cheap and cheerful paneer pancakes take just 20 minutes to plate up and make an iron-rich veggie meal for two. Spoon on mango chutney and enjoy.', 'recipe/poR4.php'),
(34, '6366842f65ea4.png', 'Fairy Kiss Cookies', 'A mouthwatering mixture of toffee and hazelnut caramel on a shortbread biscuit, hidden under a crisp meringue dome. A perfect biscuit for the Christmas season.', 'recipe/poR5.php'),
(35, '636687bdde217.png', 'Easy Bread Rolls', 'Bake these simple white bread rolls for sandwiches, burger buns or to dunk in soup. Using only a handful of ingredients, bread-making has never been so easy', 'recipe/poR6.php'),
(36, '63668d8f14e60.png', 'Lobster Thermidor', 'Enjoy lobster thermidor for a celebratory starter or luxurious main course. We have given the dish a makeover while retaining its original charm.', 'recipe/poR7.php'),
(37, '6366905849f55.png', 'Overnight Oats', 'Adapt this recipe for easy overnight oats to suit your tastes. You can add dried fruit, seeds and nuts, grated apple or pear, or chopped tropical fruits for the perfect healthy breakfast.', 'recipe/poR8.php'),
(38, '63678540b86ad.jpg', 'Loaded Fries', 'Enjoy fries loaded with tomatoes, soured cream, jalapeños and pickled red onions – perfect for movie nights or entertaining, they will be a big hit with any crowd.', 'recipe/menu1.php'),
(39, '6367866367638.jpg', 'Air Fryer Sweet Potato Fries', 'Create wonderfully cooked sweet potato fries in an air fryer using very little oil. Then toss in sweet smoked paprika, Cajun or BBQ seasonings to ramp up the flavour.', 'recipe/menu2.php'),
(40, '63678c10af5e5.jpg', 'Viennese Whirls', 'These elegant, buttery biscuits might look extra impressive but they are surprisingly easy to make. Dip in chocolate for an extra sweet treat', 'recipe/menu3.php'),
(41, '63678e0c3c362.jpg', 'Oxtail Soup', 'Forget canned soup – this homemade oxtail soup has great taste. The recipe takes a little more effort, but if you can spare the time it\'s well worth it.', 'recipe/menu4.php'),
(42, '6367c40959ba7.jpg', 'Big-batch Bolognese', 'Whip up a huge batch of bolognese that\'s fit to feed a hungry crowd, or freeze half for a speedy midweek meal.', 'recipe/menu5.php'),
(43, '6367c575534f4.jpg', ' Broccoli & Stilton Soup', 'A smooth, blended vegetable soup with blue cheese that\'s as good for a comforting meal as it is for a dinner party starter.', 'recipe/menu6.php'),
(44, '6367cb65232fd.jpg', ' Raw Raspberry Shrub', 'A cordial-like drink made from fruit, vinegar and sugar with sweet and sharp notes - an elegant mocktail to share with friends.', 'recipe/menu7.php'),
(45, '6367ccf6d08b0.jpg', 'Butternut Chilli', 'This Mexican stew is hearty enough to satisfy both vegetarians and meat eaters, with butternut squash, black beans and juicy tomatoes.', 'recipe/menu8.php'),
(46, '6367d6eda1044.png', 'Vegan Lemon Cake', 'Try baking a vegan version of lemon cake. Light and zingy, it also works well if you replace the flour and baking powder with gluten-free alternatives.', 'recipe/V1.php'),
(47, '6367d80c708c2.png', 'Vegan Jambalaya', 'Enjoy a delicious plant-based dinner with this vegan rice and bean one-pot. It is packed with all five of your 5-a-day, as well as iron, vitamin C and fibre.', 'recipe/V2.php'),
(48, '6367dbbd0643c.png', 'Vegan Shepherd Pie', 'A warming vegan supper with porcini mushrooms, leeks, carrots, and butternut squash, topped with crispy potatoes. It is low calorie, low fat, and perfect for when the nights draw in.', 'recipe/V3.php'),
(49, '6367dcfddaa4f.png', 'Vegan Katsu Curry', 'Enjoy a vegan version of katsu curry, with crispy, golden tofu. Serve with rice, fresh herbs and cucumber and carrot ribbons.', 'recipe/V4.php'),
(50, '6367e035d6b65.png', 'Vegan Kimchi', 'Make a delicious vegan version of kimchi (or kimchee) using this simple Korean recipe. Enjoy the umami flavours of the seaweed, whether you follow a plant-based diet or not.', 'recipe/V5.php'),
(51, '6367e147d78bd.png', 'Vegan Trifle', 'Treat guests to this plant-based trifle, with layers of sponge, compote, custard and dairy-free cream. It is a great dessert for a celebration.', 'recipe/V6.php'),
(52, '6367e49fa1534.png', 'Vegan Fajitas', 'Make a vegan version of fajitas with all the flavours of the classic Mexican dish. It makes a great sharing dish where everyone can help themselves.', 'recipe/V7.php'),
(53, '6368707429b0e.png', 'Vegan Ramen', 'Enjoy this vegan ramen for a tasty midweek meal in just 25 minutes. Dried mushrooms and miso paste give the broth plenty of umami flavour.', 'recipe/V8.php'),
(55, '6368cadaebf13.png', 'Strawberry Mousse', 'This make-ahead mousse combines strawberries and marshmallows for a gorgeously fluffy texture. It is ready in under 15 minutes to enjoy as a light summer dessert.', 'recipe/D3.php'),
(56, '6368cd2678df4.png', 'Best Ever Tiramisu', 'This super-simple Italian dessert actually benefits from being made ahead, allowing all the lovely flavours to mingle.', 'recipe/D4.php'),
(57, '6368d287edd4f.png', 'Mushroom Soup', 'Make the most of mushrooms with this comforting mushroom soup recipe made with cream, onions and garlic. Serve for lunch or as a starter with crusty bread.', 'recipe/S3.php'),
(58, '6368d3703cdfd.png', 'Cauliflower Soup', 'Throw together this comforting and creamy cauliflower soup for lunch or a light supper. It is perfect topped with parsley and served with crusty bread.', 'recipe/S4.php'),
(59, '6368e0c2693ac.png', 'Breakfast Super-Shake', 'This smoothie is high in natural fats and sugar - ideal if you need some fuel for intense exercise.', 'recipe/B3.php'),
(60, '6368e29e07ba2.png', 'High Protein Breakfast', 'A protein-packed version of a classic fry-up from Joe Wicks. Pile on the steak, mushrooms and spinach for a hearty, filling start to the day.', 'recipe/B4.php'),
(61, '6368eddfdad81.png', 'Ratatouille', 'Enjoy this super-healthy traditional ratatouille recipe for lunch or dinner, safe in the knowledge that it counts as four of your five-a-day.', 'recipe/L3.php'),
(62, '6368f1fda95e9.png', 'Cashew Curry Lunch', 'This easy low-carb lunch is packed with iron rich veggies, crunchy cashews and chicken. Serve with your favourite steamed greens and a scattering of coriander.', 'recipe/L4.php'),
(63, '6368fc95e2574.png', 'One-pan Roast Dinner', 'Take the stress out of a Sunday roast with this one-pan recipe that could not be simpler.', 'recipe/Dinner3.php'),
(64, '6368fd97a141c.png', ' Beef Ragout Dinner', 'Add a modern-day twist to a classic bolognese with Tom Kerridge exquisite beef ragout. Serve with hand-cut pappardelle pasta for a great dinner party dish', 'recipe/Dinner4.php'),
(66, '63690f42ef235.png', 'Air Fryer Bacon', 'Cook bacon in an air fryer to achieve a crispy texture with less fat. The perfect bacon sandwich starts here.', 'recipe/A1.php'),
(67, '63691e532ee2d.png', 'Air Fryer Sausages', 'Cook sausages quickly and easily using an air fryer and without the need for additional oil.', 'recipe/A2.php'),
(68, '636923b3652a2.png', 'Air Fryer Salmon', 'Salmon fillets cook beautifully in an air fryer and make a delicious meal when coated in a herb\'s seasoning and served with greens and grains.', 'recipe/A4.php\r\n'),
(70, '636a24721926f.png', ' Easy Banana Muffins', 'Make these moreish banana muffins for an easy breakfast or a snack on the go. They\'re also great for lunchboxes and will prove popular with the whole family.', 'recipe/E1.php'),
(71, '636a3a884fb32.png', 'Easy carrot cake', 'Top this classic carrot cake with moreish icing and chopped walnuts or pecans. Serve as a sweet treat with a cup of tea any time of the day.', 'recipe/E4.php'),
(72, '636a542411842.png', 'Rice Paper Wraps', 'Make these rice paper wraps for an easy snack or appetizer. Kids will love them and they\'re wholesome, too, filled with plenty of protein and vegetables.', 'recipe/appe1.php'),
(73, '636a550cad3d0.png', 'Mint & Coriander Tomato Tarts', 'These tarts make an appetizing hot first course or you can serve them for a&nbsp;light lunch with a tossed green salad.', 'recipe/appe2.php'),
(74, '636a6c854467c.png', 'Healthy Fish Pie', 'Making fish pie can be a palaver - not this one! Our healthy fish pie is simple to make and ready in just over an hour.', 'recipe/H1.php'),
(75, '636a6d723a9c4.png', 'Healthy Chicken Salad', 'This easy-to-prepare healthy chicken salad is filled with zingy flavours - the simplified version is great for kids\' lunchboxes too.', 'recipe/H2.php'),
(76, '636a6fbd98dec.png', 'Healthy Porridge Bowl', 'Start your day right with this filling bowl of oats, berries, banana and seeds. It\'s healthy and packed with nutrients to fuel body and mind.', 'recipe/H3.php'),
(77, '636a71d4a4f20.png', ' Healthy Burgers', 'Turn a barbecue favourite into a nutritious meal without compromising on taste with our easy healthy burgers.', 'recipe/H4.php'),
(78, '636a76b220d74.png', 'Watermelon Smoothie', 'Enjoy a watermelon smoothie on a warm summer\'s day. Blended with banana and apple juice, this drink is packed with vitamin C', 'recipe/W1.php'),
(79, '636a77643ce53.png', 'Easter Hot Chocolate', 'Use up leftover chocolate from Easter eggs to make an indulgent hot chocolate. Top with squirty cream and marshmallows for a truly decadent drink.', 'recipe/W2.php'),
(80, '636a7a6d30ffb.png', 'Easy White Bread', 'A great recipe for an electric breadmaker – or do it the traditional way.', 'recipe/bread1.php'),
(81, '636a7b26e0c5e.png', 'Tiger Bread', 'With its iconic crackled crust and pillowy centre, tiger bread is a fantastic baking recipe to have up your sleeve. Our easy recipe is simple, and makes a great weekend project.', 'recipe/bread2.php'),
(82, '636a855a728fd.png', 'Olive Oil Bread', 'Follow this simple step-by-step method for a homemade loaf, or adapt to include your favourite flavours.', 'recipe/bread3.php'),
(83, '636a8811c255f.png', 'Sticky Toffee Banana Bread', 'Use up overripe bananas to make this sticky toffee banana loaf. It’s even more indulgent with the toffee sauce and nut brittle.', 'recipe/bread4.php'),
(84, '636d203b2d675.png', 'Bread Pudding', 'This simple bake is lovely with a cuppa. Or have it for dessert instead, with custard or ice cream.', 'recipe/D2.php');

-- --------------------------------------------------------

--
-- Table structure for table `restaurant`
--

CREATE TABLE `restaurant` (
  `resId` int(222) NOT NULL,
  `image` varchar(222) NOT NULL,
  `iimage2` varchar(222) DEFAULT NULL,
  `image3` varchar(222) DEFAULT NULL,
  `area` varchar(222) DEFAULT NULL,
  `resName` varchar(222) NOT NULL,
  `location` varchar(222) NOT NULL,
  `resPage` varchar(222) NOT NULL,
  `pricerange` varchar(222) DEFAULT NULL
) ENGINE=InnoDB DEFAULT CHARSET=utf8mb4;

--
-- Dumping data for table `restaurant`
--

INSERT INTO `restaurant` (`resId`, `image`, `iimage2`, `image3`, `area`, `resName`, `location`, `resPage`, `pricerange`) VALUES
(11, '6380e7ced5518.png', '6380e7ced5517.png', '6380e7ced5510.png', 'oo', '1', 'oo', 'oo', 'ppp'),
(12, '637f35c6688f2.png', '637f35c6688f1.png', '637f35c6688f0.png', NULL, 'll', 'op', 'p', NULL),
(13, '63807c06bec31.png', '63807c06bec2f.png', '63807c06bec29.png', 'Subang Jaya', 'The Salt & Malt Kitchen', '3-A Nadayu28 , Jalan Pjs 11/7 Bandar Sunway 47500 Subang Jaya, Subang Jaya, Malaysia', 'restaurant/r1.php', 'RM 27 - RM 156'),
(14, '6380e89f8f73e.png', '6380e89f8f73d.png', '6380e89f8f73b.png', 'Rawang', 'Ho Ho Food Station', 'No, 47, Jln Setia Rawang 1, Taman Setia Rawang, 48000 Rawang, Selangor', 'restaurant/r2.php', 'RM 8 - RM 30'),
(15, '6382203e893b4.png', '6382203e893b3.png', '6382203e893ae.png', 'Kuala Lumpur', 'Nizza', 'No 6 Jalan Damanlela Bukit Damansara Sofitel Kuala Lumpur Damansara, Kuala Lumpur 50490 Malaysia', 'restaurant/r3.php', 'RM 40 - RM 150'),
(16, '638224631c0c1.png', '638224631c0c0.png', '638224631c0be.png', 'Kuala Lumpur', 'Prime', '2 Jalan Stesen Sentral Le Meridien, Kuala Lumpur 50470 Malaysia', 'restaurant/r4.php', 'RM 35 - RM 698'),
(17, '638237aa035b4.png', '638237aa035b3.png', '638237aa035b1.png', 'Langkawi', 'Gallo Nero Italian Restaurant', '19, Bandar Padang Mat Sirat, Jalan Padang Mat Sirat Next to The Smith House Hotel, Langkawi 07100 Malaysia', 'restaurant/r5.php', 'RM 12 - RM 98'),
(18, '63823b5092e50.png', '63823b5092e4e.png', '63823b5092e47.png', 'Ipoh', 'Yuk Sou Hin', '292 Jalan Sultan Idris Shah, Ipoh 30000 Malaysia', 'restaurant/r6.php', 'RM 40 - RM 555'),
(19, '63838cce918f6.png', '63838cce918f4.png', '63838cce918ee.png', 'Petaling Jaya', 'Vasco\'s', '3 Jalan Stesen Sentral, Kuala Lumpur 50470 Malaysia', 'restaurant/r7.php', 'RM 50 - RM 1000'),
(20, '6383925f7f075.png', '6383925f7f074.png', '6383925f7f072.png', 'Melaka', 'Poh Piah Lwee\r\n', '14 Jalan Kubu, Melaka 75300 Malaysia', 'restaurant/r8.php', ' RM 2 - RM 15'),
(21, '63839606931df.png', '63839606931dc.png', '63839606931d4.png', 'Penang', 'Living Room Cafe Bar & Gallery', '43 C Batu Ferringhi, Batu Ferringhi, Penang Island 11100 Malaysia', 'restaurant/r9.php', 'RM 10 - RM 120'),
(22, '63839b54e7f47.png', '63839b54e7f45.png', '63839b54e7f3f.png', 'Penang', 'Kimpo Famous Roasted', 'No. 20 Leith Street, George Town, Penang Island 10000 Malaysia', 'restaurant/r10.php', 'RM 5 - RM 15'),
(23, '63839ff268c34.png', '63839ff268c32.png', '63839ff268c2c.png', 'Seremban', 'Number One Top Curry House', 'No. 15 Jalan Dato Abdul Rahman, Seremban 70000 Malaysia', 'restaurant/r11.php', 'RM 13 - RM70'),
(24, '6383a5e7c6301.png', '6383a5e7c62ff.png', '6383a5e7c62fa.png', 'Sabah', 'Fat Mother Semporna', 'Lot b4 Ground Floor, Seafront Township, Semporna Malaysia', 'restaurant/r12.php', 'RM 40 - RM 300'),
(25, '638453cabdf00.png', '638453cabdeff.png', '638453cabdefd.png', 'Subang Jaya', 'Fitlicious', '44G Jalan SS 15/4B, Subang Jaya 47500 Malaysia', 'restaurant/r13.php', 'RM 5 - RM 24'),
(26, '63847b596190a.png', '63847b5961909.png', '63847b5961906.png', 'Taiping', 'Jia Yi Dao Vegetarian Restaurant', 'No. 9, Jalan Lim Swee Aun, Taiping 34000 Malaysia', 'restaurant/r14.php', 'RM 9 - RM 45'),
(27, '63847e39e7858.png', '63847e39e7857.png', '63847e39e7854.png', 'Selayang', 'Veggie Century', '12,Jalan SJ 6  Taman Selayang Jaya  68100 Batu Caves, Selangor', 'restaurant/r15.php', 'RM 5 - RM 50'),
(28, '6384814772d76.png', '6384814772d73.png', '6384814772d6d.png', 'Rawang', 'Hong Hua Vegetarian Restaurant ', '41, Jalan Bandar Rawang 3, Bandar Baru, 48000 Rawang, Selangor', 'restaurant/r16.php', 'RM 10 - RM 77'),
(29, '638484624e9bb.png', '638484624e9ba.png', '638484624e9b8.png', 'Penang', 'SUPE', 'No 12 Gat Lebuh Acheh, George Town, Penang Island 10300 Malaysia', 'restaurant/r17.php', 'RM 40 - RM 350'),
(30, '638487301b651.png', '638487301b650.png', '638487301b64d.png', 'Kuala Terengganu', 'Vegan Recipe Cafe', '174，Jalan Kampung Cina, Kuala Terengganu 20100 Malaysia', 'restaurant/r18.php', 'RM 12 - RM 66'),
(31, '63848b50afc53.png', '63848b50afc51.png', '63848b50afc4c.png', 'Kuantan', 'Satay Zul', 'Jalan Telok Sisek, Kuantan 25000 Malaysia', 'restaurant/r19.php', 'RM 23 - RM 45'),
(32, '6384c9491c8e7.png', '6384c9491c8e5.png', '6384c9491c8de.png', 'Putrajaya', 'Zest Restaurant', 'IOI Resort City Marriott Putrajaya, Sepang Utara, Putrajaya 60520 Malaysia', 'restaurant/r20.php', 'RM 70 - RM 800'),
(33, '6384cd8a916f9.png', '6384cd8a916f8.png', '6384cd8a916f6.png', 'Kuching', 'Lepau Restaurant', '99, Persiaran Ban Hock, Kuching 93400 Malaysia', 'restaurant/r21.php', 'RM 25 - RM 150'),
(34, '6384d00b9a6ea.png', '6384d00b9a6e9.png', '6384d00b9a6e7.png', 'Johor Bahru', 'Mee Rebus Haji Wahid', 'Jalan Angsana, Johor Bahru 80250 Malaysia', 'restaurant/r22.php', 'RM 4 - RM 22'),
(35, '6384d1e35c05e.png', '6384d1e35c05d.png', '6384d1e35c05a.png', 'Melaka', 'EeJiBan Chicken Rice Ball Halal', '275 Jalan Melaka Raya 3, Melaka 75000 Malaysia', 'restaurant/r23.php', 'RM 6 - RM 20'),
(36, '6384d303ece1d.png', '6384d303ece1c.png', '6384d303ece19.png', 'Perlis', 'Kuala Perlis Seafood Restaurant', 'Jalan Kuala Perlis, Kangar 01000 Malaysia', 'restaurant/r24.php', 'RM 20 - RM 140'),
(37, '6384e1668c4b5.png', '6384e1668c4b4.png', '6384e1668c4b1.png', 'Petaling Jaya', 'Khan\'s Indian Cuisine', 'Jalan Kerinchi Unit 1-7, 1-8, 1-9, 1-10, Level 1, The Sphere, No.1, Avenue 1, Bangsar South City, No.8,, Kuala Lumpur 59200 Malaysia', 'restaurant/r25.php', 'RM 2 - RM 35'),
(38, '6384e2646d894.png', '6384e2646d893.png', '6384e2646d891.png', 'Kuantan', 'Alor Akar Restaurant', 'Jalan Kubang Buaya Off Jln Beserah, Kuantan Malaysia', 'restaurant/r26.php', 'RM 5 - RM 70'),
(39, '6384e5f92eede.png', '6384e5f92eedd.png', '6384e5f92eed9.png', 'Kuala Selangor', 'Kedai Kopi Shin Lok', '6, Jalan Kenari 1, Kampung Sungai Sembilang, Kuala Selangor 45800 Malaysia', 'restaurant/r27.php', 'RM 1 - RM 15'),
(40, '6384e6ac0ad88.png', '6384e6ac0ad87.png', '6384e6ac0ad85.png', 'Muar', 'Otak Otak Cheng Boi', 'Jalan Bentayan No 28-4, Muar 84000 Malaysia', 'restaurant/r28.php', 'RM 6 - RM 10'),
(41, '6384ee6c7349b.png', '6384ee6c7349a.png', '6384ee6c73496.png', 'Sabah', 'Nook Cafe', '19 Jalan Dewan, Kota Kinabalu 88000 Malaysia', 'restaurant/r29.php', 'RM 8 - RM 30'),
(42, '6384ef4983f1b.png', '6384ef4983f1a.png', '6384ef4983f18.png', 'Sarawak', 'Noodle House', 'No. 2B Ground Floor 1 Lorong Laichee, Sibu 96000 Malaysia', 'restaurant/r30.php', 'RM 8 - RM20'),
(43, '63856221556a7.png', '63856221556a6.png', '63856221556a3.png', 'Kuala Lumpur', 'Canopy Rooftop Bar and Lounge', '2nd Floor 183 Jalan Mayang Off Jalan Yap Kwan Seng, Kuala Lumpur 50450 Malaysia', 'restaurant/r31.php', 'RM 6 - RM 50'),
(44, '638562ef5a6eb.png', '638562ef5a6ea.png', '638562ef5a6e2.png', 'Alor Setar', 'Sanremo Bikes Lounge', '17, Jalan Penjara Lama, Alor Setar 05000 Malaysia', 'restaurant/r32.php', 'RM 50 - RM 900'),
(45, '63856bb53bab4.png', '63856bb53bab3.png', '63856bb53bab0.png', 'Johor Bahru', 'Suasana Suites Cafe Johor Bahru', '82C Jalan Trus, Johor Bahru 80000 Malaysia', 'restaurant/r33.php', 'RM 60 - RM 440'),
(46, '63856c52a36e1.png', '63856c52a36df.png', '63856c52a36da.png', 'Penang', 'Orinea by Farquhar Mansion', '68-18-1, Sunrise Gurney, Persiaran Gurney, George Town, Penang Island 10250 Malaysia', 'restaurant/r34.php', 'RM 86 - RM 786'),
(47, '63857f3b716a7.png', '63857f3b716a6.png', '63857f3b716a0.png', 'Shah Alam', 'Ti Chen Chinese Restaurant', 'Jalan Lapangan Terbang The Saujana Hotel, Saujana Resort, Shah Alam 40150 Malaysia', 'restaurant/r35.php', 'RM 30 - RM 900'),
(48, '6385808b86f38.png', '6385808b86f37.png', '6385808b86f32.png', 'Puchong', 'IndiaGate', 'No 2-G Jalan Puteri 1/5 Bandar Puteri, Puchong 47160 Malaysia', 'restaurant/r36.php', 'RM 19 - RM 700'),
(49, '63897d9faf7dd.png', '63897d9faf7db.png', '63897d9faf7d7.png', 'Kuala Lumpur  ', '1', 'uiss ', 'offc ', 'jjj ');

-- --------------------------------------------------------

--
-- Table structure for table `restaurantcomment`
--

CREATE TABLE `restaurantcomment` (
  `id` int(222) NOT NULL,
  `text` varchar(222) NOT NULL,
  `restaurantId` varchar(222) NOT NULL
) ENGINE=InnoDB DEFAULT CHARSET=utf8mb4;

--
-- Dumping data for table `restaurantcomment`
--

INSERT INTO `restaurantcomment` (`id`, `text`, `restaurantId`) VALUES
(1, 'Very good Butter Cream Chicken', '1'),
(2, 'Dimsum is super delicious', '6'),
(3, 'jj', '7'),
(4, 'Their Poh Piah is very spicy', '8'),
(5, 'We went Sunday 16 oct in the evening with a group from titan travel we were staying at Park Royal resort we had heard good comments about the living room it was similar to taverna style live music during the evening.', '9'),
(6, 'The carb was so Fresh! and the staff are friendly.', '12'),
(7, 'Nice Poke bowl', '13'),
(8, 'Quite expensive', '14'),
(9, 'The vietnam poh piah was super nice with the thai chilli sauce', '18'),
(10, 'Their decoration was on lit!', '21'),
(11, 'The fish, seafood and cockle are fresh and big. the way of cooking also very nice, tasty and tempting.', '24'),
(12, 'We were recommended to try their steamed buns aka baos, queued up and bought one famous vegetable (radish) bao, curry chicken bao and two yam pastries. Love the fluffy vege bao and the crispy yam pastry but the curry chick', '27'),
(13, 'What a nice & lovely food i eat there . Eventhough there is no much food menu choices, but still yet i got the food is delicous. This is my first visiting & looking forward to go here again. I order nook’s omelette & hot l', '29'),
(14, 'Coffee and food is good and consistent but the service is sometimes not good. Waiting times are long and feel like there is no leader in the restaurant. ', '29'),
(15, 'Amazing shisha and music. Good vibe to watch world cup football White chilling with shisha and drink.', '31'),
(16, 'Food is very good Jason sevice is very good Environment is good Wagyu yes is very very delicious Dessert bird nest is good.', '34'),
(17, 'We’ve been coming to Ti Chen for more than 10 years. Food and service has always been great. But for some reason I’ve not reviewed the restaurant. ', '35');

-- --------------------------------------------------------

--
-- Table structure for table `usertable`
--

CREATE TABLE `usertable` (
  `id` int(155) NOT NULL,
  `name` varchar(155) NOT NULL,
  `email` varchar(155) NOT NULL,
  `password` varchar(155) NOT NULL,
  `code` varchar(155) NOT NULL,
  `status` varchar(155) NOT NULL
) ENGINE=InnoDB DEFAULT CHARSET=utf8mb4;

--
-- Dumping data for table `usertable`
--

INSERT INTO `usertable` (`id`, `name`, `email`, `password`, `code`, `status`) VALUES
(81, 'Connie', '89r@gmail.com', '777', '0', 'Veryfied'),
(95, 'Hello', 'junxiangkhoo7@gmail.com', '$2y$10$1wKKfyscE9ZcNaBrrFoLJuopoKZMLbUCOjOjuTXCaaub6RbS9TDFe', '0', 'verified'),
(96, 'Alex', 'alex88@gmail.com', '$2y$10$q1CwILM/9STkaFSxG.V5WuZArlVWYdxuQK0G8ya7bJRntVKFlz7lK', '0', 'verified'),
(97, 'Nestle', 'Cheryy999@gmail.com', '$2y$10$C3zrraxQ4YVRUfwv6SQPrOViePMhojh2uMFUizs6ytBzTANlHxbuK', '0', 'verified'),
(102, 'Alex', 'conniekhoo522@gmail.com', '$2y$10$rslV5KGIwLm4i9vsRSdyA.yzf.hnogquPTncBKmqeQS6QhFkRAFJ.', '0', 'verified'),
(105, 'Khoo Yukki', 'man39531@gmail.com', '666', '0', 'verified');

--
-- Indexes for dumped tables
--

--
-- Indexes for table `commentbar`
--
ALTER TABLE `commentbar`
  ADD PRIMARY KEY (`id`);

--
-- Indexes for table `full_recipy`
--
ALTER TABLE `full_recipy`
  ADD PRIMARY KEY (`id`);

--
-- Indexes for table `recipes`
--
ALTER TABLE `recipes`
  ADD PRIMARY KEY (`rid`);

--
-- Indexes for table `restaurant`
--
ALTER TABLE `restaurant`
  ADD PRIMARY KEY (`resId`);

--
-- Indexes for table `restaurantcomment`
--
ALTER TABLE `restaurantcomment`
  ADD PRIMARY KEY (`id`);

--
-- Indexes for table `usertable`
--
ALTER TABLE `usertable`
  ADD PRIMARY KEY (`id`);

--
-- AUTO_INCREMENT for dumped tables
--

--
-- AUTO_INCREMENT for table `commentbar`
--
ALTER TABLE `commentbar`
  MODIFY `id` bigint(255) NOT NULL AUTO_INCREMENT, AUTO_INCREMENT=40;

--
-- AUTO_INCREMENT for table `full_recipy`
--
ALTER TABLE `full_recipy`
  MODIFY `id` int(222) NOT NULL AUTO_INCREMENT, AUTO_INCREMENT=79;

--
-- AUTO_INCREMENT for table `recipes`
--
ALTER TABLE `recipes`
  MODIFY `rid` int(255) NOT NULL AUTO_INCREMENT, AUTO_INCREMENT=86;

--
-- AUTO_INCREMENT for table `restaurant`
--
ALTER TABLE `restaurant`
  MODIFY `resId` int(222) NOT NULL AUTO_INCREMENT, AUTO_INCREMENT=50;

--
-- AUTO_INCREMENT for table `restaurantcomment`
--
ALTER TABLE `restaurantcomment`
  MODIFY `id` int(222) NOT NULL AUTO_INCREMENT, AUTO_INCREMENT=18;

--
-- AUTO_INCREMENT for table `usertable`
--
ALTER TABLE `usertable`
  MODIFY `id` int(155) NOT NULL AUTO_INCREMENT, AUTO_INCREMENT=106;
COMMIT;

/*!40101 SET CHARACTER_SET_CLIENT=@OLD_CHARACTER_SET_CLIENT */;
/*!40101 SET CHARACTER_SET_RESULTS=@OLD_CHARACTER_SET_RESULTS */;
/*!40101 SET COLLATION_CONNECTION=@OLD_COLLATION_CONNECTION */;
